tag_name,month,n_questions
".net","2022-11-01 00:00:00","1148"
".net","2022-12-01 00:00:00","1126"
".net","2023-01-01 00:00:00","1149"
".net","2023-02-01 00:00:00","978"
".net","2023-03-01 00:00:00","997"
".net","2023-04-01 00:00:00","796"
".net","2023-05-01 00:00:00","803"
".net","2023-06-01 00:00:00","765"
".net","2023-07-01 00:00:00","786"
".net","2023-08-01 00:00:00","795"
".net","2023-09-01 00:00:00","728"
".net","2023-10-01 00:00:00","686"
".net","2023-11-01 00:00:00","764"
".net","2023-12-01 00:00:00","677"
".net","2024-01-01 00:00:00","669"
".net","2024-02-01 00:00:00","696"
".net","2024-03-01 00:00:00","781"
".net","2024-04-01 00:00:00","766"
".net","2024-05-01 00:00:00","794"
".net","2024-06-01 00:00:00","569"
".net","2024-07-01 00:00:00","653"
".net","2024-08-01 00:00:00","549"
".net","2024-09-01 00:00:00","506"
".net","2024-10-01 00:00:00","509"
".net","2024-11-01 00:00:00","448"
".net","2024-12-01 00:00:00","345"
".net","2025-01-01 00:00:00","344"
".net","2025-02-01 00:00:00","339"
"amazon-web-services","2022-11-01 00:00:00","1380"
"amazon-web-services","2022-12-01 00:00:00","1303"
"amazon-web-services","2023-01-01 00:00:00","1384"
"amazon-web-services","2023-02-01 00:00:00","1226"
"amazon-web-services","2023-03-01 00:00:00","1304"
"amazon-web-services","2023-04-01 00:00:00","1017"
"amazon-web-services","2023-05-01 00:00:00","923"
"amazon-web-services","2023-06-01 00:00:00","961"
"amazon-web-services","2023-07-01 00:00:00","929"
"amazon-web-services","2023-08-01 00:00:00","832"
"amazon-web-services","2023-09-01 00:00:00","726"
"amazon-web-services","2023-10-01 00:00:00","735"
"amazon-web-services","2023-11-01 00:00:00","695"
"amazon-web-services","2023-12-01 00:00:00","641"
"amazon-web-services","2024-01-01 00:00:00","660"
"amazon-web-services","2024-02-01 00:00:00","625"
"amazon-web-services","2024-03-01 00:00:00","799"
"amazon-web-services","2024-04-01 00:00:00","856"
"amazon-web-services","2024-05-01 00:00:00","783"
"amazon-web-services","2024-06-01 00:00:00","575"
"amazon-web-services","2024-07-01 00:00:00","623"
"amazon-web-services","2024-08-01 00:00:00","526"
"amazon-web-services","2024-09-01 00:00:00","414"
"amazon-web-services","2024-10-01 00:00:00","376"
"amazon-web-services","2024-11-01 00:00:00","330"
"amazon-web-services","2024-12-01 00:00:00","310"
"amazon-web-services","2025-01-01 00:00:00","282"
"amazon-web-services","2025-02-01 00:00:00","276"
"android","2022-11-01 00:00:00","3169"
"android","2022-12-01 00:00:00","2872"
"android","2023-01-01 00:00:00","2944"
"android","2023-02-01 00:00:00","2541"
"android","2023-03-01 00:00:00","2654"
"android","2023-04-01 00:00:00","2171"
"android","2023-05-01 00:00:00","2128"
"android","2023-06-01 00:00:00","2057"
"android","2023-07-01 00:00:00","1921"
"android","2023-08-01 00:00:00","2034"
"android","2023-09-01 00:00:00","1864"
"android","2023-10-01 00:00:00","1914"
"android","2023-11-01 00:00:00","1761"
"android","2023-12-01 00:00:00","1568"
"android","2024-01-01 00:00:00","1661"
"android","2024-02-01 00:00:00","1582"
"android","2024-03-01 00:00:00","2101"
"android","2024-04-01 00:00:00","2054"
"android","2024-05-01 00:00:00","2093"
"android","2024-06-01 00:00:00","1546"
"android","2024-07-01 00:00:00","1607"
"android","2024-08-01 00:00:00","1442"
"android","2024-09-01 00:00:00","1398"
"android","2024-10-01 00:00:00","1281"
"android","2024-11-01 00:00:00","1076"
"android","2024-12-01 00:00:00","955"
"android","2025-01-01 00:00:00","938"
"android","2025-02-01 00:00:00","922"
"android-studio","2022-11-01 00:00:00","376"
"android-studio","2022-12-01 00:00:00","343"
"android-studio","2023-01-01 00:00:00","398"
"android-studio","2023-02-01 00:00:00","337"
"android-studio","2023-03-01 00:00:00","328"
"android-studio","2023-04-01 00:00:00","299"
"android-studio","2023-05-01 00:00:00","253"
"android-studio","2023-06-01 00:00:00","258"
"android-studio","2023-07-01 00:00:00","220"
"android-studio","2023-08-01 00:00:00","238"
"android-studio","2023-09-01 00:00:00","226"
"android-studio","2023-10-01 00:00:00","216"
"android-studio","2023-11-01 00:00:00","199"
"android-studio","2023-12-01 00:00:00","170"
"android-studio","2024-01-01 00:00:00","187"
"android-studio","2024-02-01 00:00:00","139"
"android-studio","2024-03-01 00:00:00","204"
"android-studio","2024-04-01 00:00:00","197"
"android-studio","2024-05-01 00:00:00","250"
"android-studio","2024-06-01 00:00:00","164"
"android-studio","2024-07-01 00:00:00","167"
"android-studio","2024-08-01 00:00:00","146"
"android-studio","2024-09-01 00:00:00","164"
"android-studio","2024-10-01 00:00:00","191"
"android-studio","2024-11-01 00:00:00","111"
"android-studio","2024-12-01 00:00:00","106"
"android-studio","2025-01-01 00:00:00","103"
"android-studio","2025-02-01 00:00:00","98"
"angular","2022-11-01 00:00:00","1702"
"angular","2022-12-01 00:00:00","1670"
"angular","2023-01-01 00:00:00","1681"
"angular","2023-02-01 00:00:00","1507"
"angular","2023-03-01 00:00:00","1407"
"angular","2023-04-01 00:00:00","1132"
"angular","2023-05-01 00:00:00","1281"
"angular","2023-06-01 00:00:00","1035"
"angular","2023-07-01 00:00:00","1070"
"angular","2023-08-01 00:00:00","1049"
"angular","2023-09-01 00:00:00","962"
"angular","2023-10-01 00:00:00","905"
"angular","2023-11-01 00:00:00","900"
"angular","2023-12-01 00:00:00","802"
"angular","2024-01-01 00:00:00","1001"
"angular","2024-02-01 00:00:00","926"
"angular","2024-03-01 00:00:00","995"
"angular","2024-04-01 00:00:00","1095"
"angular","2024-05-01 00:00:00","972"
"angular","2024-06-01 00:00:00","853"
"angular","2024-07-01 00:00:00","863"
"angular","2024-08-01 00:00:00","694"
"angular","2024-09-01 00:00:00","624"
"angular","2024-10-01 00:00:00","580"
"angular","2024-11-01 00:00:00","539"
"angular","2024-12-01 00:00:00","447"
"angular","2025-01-01 00:00:00","417"
"angular","2025-02-01 00:00:00","450"
"api","2022-11-01 00:00:00","660"
"api","2022-12-01 00:00:00","535"
"api","2023-01-01 00:00:00","514"
"api","2023-02-01 00:00:00","348"
"arrays","2022-11-01 00:00:00","2174"
"arrays","2022-12-01 00:00:00","1689"
"arrays","2023-01-01 00:00:00","1522"
"arrays","2023-02-01 00:00:00","1225"
"arrays","2023-03-01 00:00:00","1153"
"arrays","2023-04-01 00:00:00","812"
"arrays","2023-05-01 00:00:00","707"
"arrays","2023-06-01 00:00:00","695"
"arrays","2023-07-01 00:00:00","687"
"arrays","2023-08-01 00:00:00","578"
"arrays","2023-09-01 00:00:00","509"
"arrays","2023-10-01 00:00:00","523"
"arrays","2023-11-01 00:00:00","512"
"arrays","2023-12-01 00:00:00","446"
"arrays","2024-01-01 00:00:00","427"
"arrays","2024-02-01 00:00:00","417"
"arrays","2024-03-01 00:00:00","424"
"arrays","2024-04-01 00:00:00","435"
"arrays","2024-05-01 00:00:00","362"
"arrays","2024-06-01 00:00:00","269"
"arrays","2024-07-01 00:00:00","244"
"arrays","2024-08-01 00:00:00","240"
"arrays","2024-09-01 00:00:00","185"
"arrays","2024-10-01 00:00:00","187"
"arrays","2024-11-01 00:00:00","164"
"arrays","2024-12-01 00:00:00","127"
"arrays","2025-01-01 00:00:00","122"
"arrays","2025-02-01 00:00:00","116"
"asp.net-core","2022-11-01 00:00:00","697"
"asp.net-core","2022-12-01 00:00:00","661"
"asp.net-core","2023-01-01 00:00:00","687"
"asp.net-core","2023-02-01 00:00:00","597"
"asp.net-core","2023-03-01 00:00:00","682"
"asp.net-core","2023-04-01 00:00:00","523"
"asp.net-core","2023-05-01 00:00:00","498"
"asp.net-core","2023-06-01 00:00:00","499"
"asp.net-core","2023-07-01 00:00:00","492"
"asp.net-core","2023-08-01 00:00:00","495"
"asp.net-core","2023-09-01 00:00:00","440"
"asp.net-core","2023-10-01 00:00:00","435"
"asp.net-core","2023-11-01 00:00:00","466"
"asp.net-core","2023-12-01 00:00:00","418"
"asp.net-core","2024-01-01 00:00:00","489"
"asp.net-core","2024-02-01 00:00:00","461"
"asp.net-core","2024-03-01 00:00:00","492"
"asp.net-core","2024-04-01 00:00:00","476"
"asp.net-core","2024-05-01 00:00:00","436"
"asp.net-core","2024-06-01 00:00:00","381"
"asp.net-core","2024-07-01 00:00:00","387"
"asp.net-core","2024-08-01 00:00:00","346"
"asp.net-core","2024-09-01 00:00:00","316"
"asp.net-core","2024-10-01 00:00:00","365"
"asp.net-core","2024-11-01 00:00:00","335"
"asp.net-core","2024-12-01 00:00:00","175"
"asp.net-core","2025-01-01 00:00:00","249"
"asp.net-core","2025-02-01 00:00:00","215"
"azure","2022-11-01 00:00:00","1161"
"azure","2022-12-01 00:00:00","1025"
"azure","2023-01-01 00:00:00","1184"
"azure","2023-02-01 00:00:00","1085"
"azure","2023-03-01 00:00:00","1086"
"azure","2023-04-01 00:00:00","899"
"azure","2023-05-01 00:00:00","927"
"azure","2023-06-01 00:00:00","906"
"azure","2023-07-01 00:00:00","942"
"azure","2023-08-01 00:00:00","870"
"azure","2023-09-01 00:00:00","816"
"azure","2023-10-01 00:00:00","882"
"azure","2023-11-01 00:00:00","824"
"azure","2023-12-01 00:00:00","707"
"azure","2024-01-01 00:00:00","789"
"azure","2024-02-01 00:00:00","842"
"azure","2024-03-01 00:00:00","901"
"azure","2024-04-01 00:00:00","949"
"azure","2024-05-01 00:00:00","835"
"azure","2024-06-01 00:00:00","708"
"azure","2024-07-01 00:00:00","699"
"azure","2024-08-01 00:00:00","620"
"azure","2024-09-01 00:00:00","532"
"azure","2024-10-01 00:00:00","573"
"azure","2024-11-01 00:00:00","535"
"azure","2024-12-01 00:00:00","443"
"azure","2025-01-01 00:00:00","508"
"azure","2025-02-01 00:00:00","427"
"bash","2022-11-01 00:00:00","784"
"bash","2022-12-01 00:00:00","691"
"bash","2023-01-01 00:00:00","697"
"bash","2023-02-01 00:00:00","617"
"bash","2023-03-01 00:00:00","567"
"bash","2023-04-01 00:00:00","431"
"bash","2023-05-01 00:00:00","431"
"bash","2023-06-01 00:00:00","350"
"bash","2023-07-01 00:00:00","363"
"bash","2023-08-01 00:00:00","395"
"bash","2023-09-01 00:00:00","381"
"bash","2023-10-01 00:00:00","321"
"bash","2023-11-01 00:00:00","269"
"bash","2023-12-01 00:00:00","228"
"bash","2024-01-01 00:00:00","228"
"bash","2024-02-01 00:00:00","286"
"bash","2024-03-01 00:00:00","283"
"bash","2024-04-01 00:00:00","221"
"bash","2024-05-01 00:00:00","236"
"bash","2024-06-01 00:00:00","170"
"bash","2024-07-01 00:00:00","148"
"bash","2024-08-01 00:00:00","128"
"bash","2024-09-01 00:00:00","151"
"bash","2024-10-01 00:00:00","141"
"bash","2024-11-01 00:00:00","120"
"bash","2024-12-01 00:00:00","91"
"bash","2025-01-01 00:00:00","89"
"bash","2025-02-01 00:00:00","93"
"c","2022-11-01 00:00:00","1997"
"c","2022-12-01 00:00:00","1717"
"c","2023-01-01 00:00:00","1433"
"c","2023-02-01 00:00:00","1228"
"c","2023-03-01 00:00:00","1179"
"c","2023-04-01 00:00:00","1093"
"c","2023-05-01 00:00:00","978"
"c","2023-06-01 00:00:00","814"
"c","2023-07-01 00:00:00","840"
"c","2023-08-01 00:00:00","795"
"c","2023-09-01 00:00:00","821"
"c","2023-10-01 00:00:00","888"
"c","2023-11-01 00:00:00","895"
"c","2023-12-01 00:00:00","814"
"c","2024-01-01 00:00:00","788"
"c","2024-02-01 00:00:00","729"
"c","2024-03-01 00:00:00","724"
"c","2024-04-01 00:00:00","734"
"c","2024-05-01 00:00:00","657"
"c","2024-06-01 00:00:00","530"
"c","2024-07-01 00:00:00","552"
"c","2024-08-01 00:00:00","478"
"c","2024-09-01 00:00:00","444"
"c","2024-10-01 00:00:00","465"
"c","2024-11-01 00:00:00","401"
"c","2024-12-01 00:00:00","328"
"c","2025-01-01 00:00:00","327"
"c","2025-02-01 00:00:00","289"
"c#","2022-11-01 00:00:00","5154"
"c#","2022-12-01 00:00:00","4647"
"c#","2023-01-01 00:00:00","4691"
"c#","2023-02-01 00:00:00","4102"
"c#","2023-03-01 00:00:00","4224"
"c#","2023-04-01 00:00:00","3301"
"c#","2023-05-01 00:00:00","3220"
"c#","2023-06-01 00:00:00","3239"
"c#","2023-07-01 00:00:00","3277"
"c#","2023-08-01 00:00:00","3090"
"c#","2023-09-01 00:00:00","2657"
"c#","2023-10-01 00:00:00","2626"
"c#","2023-11-01 00:00:00","2637"
"c#","2023-12-01 00:00:00","2262"
"c#","2024-01-01 00:00:00","2309"
"c#","2024-02-01 00:00:00","2306"
"c#","2024-03-01 00:00:00","2485"
"c#","2024-04-01 00:00:00","2703"
"c#","2024-05-01 00:00:00","2456"
"c#","2024-06-01 00:00:00","1921"
"c#","2024-07-01 00:00:00","2073"
"c#","2024-08-01 00:00:00","1818"
"c#","2024-09-01 00:00:00","1557"
"c#","2024-10-01 00:00:00","1588"
"c#","2024-11-01 00:00:00","1353"
"c#","2024-12-01 00:00:00","1088"
"c#","2025-01-01 00:00:00","1140"
"c#","2025-02-01 00:00:00","1075"
"c++","2022-11-01 00:00:00","2951"
"c++","2022-12-01 00:00:00","2603"
"c++","2023-01-01 00:00:00","2405"
"c++","2023-02-01 00:00:00","2033"
"c++","2023-03-01 00:00:00","2323"
"c++","2023-04-01 00:00:00","1765"
"c++","2023-05-01 00:00:00","1625"
"c++","2023-06-01 00:00:00","1644"
"c++","2023-07-01 00:00:00","1658"
"c++","2023-08-01 00:00:00","1518"
"c++","2023-09-01 00:00:00","1382"
"c++","2023-10-01 00:00:00","1550"
"c++","2023-11-01 00:00:00","1332"
"c++","2023-12-01 00:00:00","1302"
"c++","2024-01-01 00:00:00","1432"
"c++","2024-02-01 00:00:00","1328"
"c++","2024-03-01 00:00:00","1313"
"c++","2024-04-01 00:00:00","1296"
"c++","2024-05-01 00:00:00","1415"
"c++","2024-06-01 00:00:00","1056"
"c++","2024-07-01 00:00:00","1109"
"c++","2024-08-01 00:00:00","1014"
"c++","2024-09-01 00:00:00","975"
"c++","2024-10-01 00:00:00","917"
"c++","2024-11-01 00:00:00","845"
"c++","2024-12-01 00:00:00","689"
"c++","2025-01-01 00:00:00","695"
"c++","2025-02-01 00:00:00","677"
"css","2022-11-01 00:00:00","3143"
"css","2022-12-01 00:00:00","2988"
"css","2023-01-01 00:00:00","2890"
"css","2023-02-01 00:00:00","2570"
"css","2023-03-01 00:00:00","2552"
"css","2023-04-01 00:00:00","2001"
"css","2023-05-01 00:00:00","2007"
"css","2023-06-01 00:00:00","1782"
"css","2023-07-01 00:00:00","1937"
"css","2023-08-01 00:00:00","1765"
"css","2023-09-01 00:00:00","1415"
"css","2023-10-01 00:00:00","1457"
"css","2023-11-01 00:00:00","1231"
"css","2023-12-01 00:00:00","1193"
"css","2024-01-01 00:00:00","1285"
"css","2024-02-01 00:00:00","1198"
"css","2024-03-01 00:00:00","1327"
"css","2024-04-01 00:00:00","1297"
"css","2024-05-01 00:00:00","1163"
"css","2024-06-01 00:00:00","1006"
"css","2024-07-01 00:00:00","894"
"css","2024-08-01 00:00:00","829"
"css","2024-09-01 00:00:00","696"
"css","2024-10-01 00:00:00","670"
"css","2024-11-01 00:00:00","541"
"css","2024-12-01 00:00:00","470"
"css","2025-01-01 00:00:00","515"
"css","2025-02-01 00:00:00","482"
"dart","2022-11-01 00:00:00","1756"
"dart","2022-12-01 00:00:00","1486"
"dart","2023-01-01 00:00:00","1518"
"dart","2023-02-01 00:00:00","1192"
"dart","2023-03-01 00:00:00","1223"
"dart","2023-04-01 00:00:00","856"
"dart","2023-05-01 00:00:00","821"
"dart","2023-06-01 00:00:00","785"
"dart","2023-07-01 00:00:00","764"
"dart","2023-08-01 00:00:00","762"
"dart","2023-09-01 00:00:00","644"
"dart","2023-10-01 00:00:00","625"
"dart","2023-11-01 00:00:00","593"
"dart","2023-12-01 00:00:00","521"
"dart","2024-01-01 00:00:00","612"
"dart","2024-02-01 00:00:00","522"
"dart","2024-03-01 00:00:00","620"
"dart","2024-04-01 00:00:00","568"
"dart","2024-05-01 00:00:00","576"
"dart","2024-06-01 00:00:00","393"
"dart","2024-07-01 00:00:00","431"
"dart","2024-08-01 00:00:00","374"
"dart","2024-09-01 00:00:00","326"
"dart","2024-10-01 00:00:00","264"
"dart","2024-11-01 00:00:00","233"
"dart","2024-12-01 00:00:00","256"
"dart","2025-01-01 00:00:00","201"
"dart","2025-02-01 00:00:00","182"
"database","2022-11-01 00:00:00","672"
"database","2022-12-01 00:00:00","631"
"database","2023-01-01 00:00:00","580"
"database","2023-02-01 00:00:00","477"
"database","2023-03-01 00:00:00","521"
"database","2023-04-01 00:00:00","426"
"database","2023-05-01 00:00:00","369"
"database","2023-06-01 00:00:00","389"
"database","2023-07-01 00:00:00","378"
"database","2023-08-01 00:00:00","332"
"database","2023-09-01 00:00:00","308"
"database","2023-10-01 00:00:00","342"
"database","2023-11-01 00:00:00","278"
"database","2023-12-01 00:00:00","278"
"database","2024-01-01 00:00:00","281"
"database","2024-02-01 00:00:00","297"
"database","2024-03-01 00:00:00","316"
"database","2024-04-01 00:00:00","329"
"database","2024-05-01 00:00:00","313"
"database","2024-06-01 00:00:00","232"
"database","2024-07-01 00:00:00","218"
"database","2024-08-01 00:00:00","194"
"database","2024-09-01 00:00:00","195"
"database","2024-10-01 00:00:00","138"
"database","2024-11-01 00:00:00","136"
"database","2024-12-01 00:00:00","107"
"database","2025-01-01 00:00:00","112"
"database","2025-02-01 00:00:00","102"
"dataframe","2022-11-01 00:00:00","2176"
"dataframe","2022-12-01 00:00:00","1819"
"dataframe","2023-01-01 00:00:00","1714"
"dataframe","2023-02-01 00:00:00","1496"
"dataframe","2023-03-01 00:00:00","1418"
"dataframe","2023-04-01 00:00:00","952"
"dataframe","2023-05-01 00:00:00","871"
"dataframe","2023-06-01 00:00:00","812"
"dataframe","2023-07-01 00:00:00","811"
"dataframe","2023-08-01 00:00:00","694"
"dataframe","2023-09-01 00:00:00","596"
"dataframe","2023-10-01 00:00:00","546"
"dataframe","2023-11-01 00:00:00","542"
"dataframe","2023-12-01 00:00:00","423"
"dataframe","2024-01-01 00:00:00","482"
"dataframe","2024-02-01 00:00:00","469"
"dataframe","2024-03-01 00:00:00","465"
"dataframe","2024-04-01 00:00:00","432"
"dataframe","2024-05-01 00:00:00","472"
"dataframe","2024-06-01 00:00:00","333"
"dataframe","2024-07-01 00:00:00","314"
"dataframe","2024-08-01 00:00:00","285"
"dataframe","2024-09-01 00:00:00","227"
"dataframe","2024-10-01 00:00:00","203"
"dataframe","2024-11-01 00:00:00","176"
"dataframe","2024-12-01 00:00:00","122"
"dataframe","2025-01-01 00:00:00","119"
"dataframe","2025-02-01 00:00:00","94"
"dictionary","2022-11-01 00:00:00","681"
"dictionary","2022-12-01 00:00:00","512"
"dictionary","2023-01-01 00:00:00","419"
"dictionary","2023-02-01 00:00:00","307"
"dictionary","2023-03-01 00:00:00","338"
"dictionary","2023-04-01 00:00:00","278"
"dictionary","2023-05-01 00:00:00","198"
"dictionary","2023-06-01 00:00:00","183"
"dictionary","2023-07-01 00:00:00","171"
"dictionary","2023-08-01 00:00:00","177"
"dictionary","2023-09-01 00:00:00","139"
"dictionary","2023-10-01 00:00:00","142"
"dictionary","2023-11-01 00:00:00","118"
"dictionary","2023-12-01 00:00:00","99"
"dictionary","2024-01-01 00:00:00","97"
"dictionary","2024-02-01 00:00:00","105"
"dictionary","2024-03-01 00:00:00","90"
"dictionary","2024-04-01 00:00:00","104"
"dictionary","2024-05-01 00:00:00","88"
"dictionary","2024-06-01 00:00:00","91"
"dictionary","2024-07-01 00:00:00","76"
"dictionary","2024-08-01 00:00:00","58"
"dictionary","2024-09-01 00:00:00","46"
"dictionary","2024-10-01 00:00:00","40"
"dictionary","2024-11-01 00:00:00","43"
"dictionary","2024-12-01 00:00:00","34"
"dictionary","2025-01-01 00:00:00","22"
"dictionary","2025-02-01 00:00:00","22"
"django","2022-11-01 00:00:00","1671"
"django","2022-12-01 00:00:00","1519"
"django","2023-01-01 00:00:00","1445"
"django","2023-02-01 00:00:00","1201"
"django","2023-03-01 00:00:00","1197"
"django","2023-04-01 00:00:00","965"
"django","2023-05-01 00:00:00","981"
"django","2023-06-01 00:00:00","846"
"django","2023-07-01 00:00:00","906"
"django","2023-08-01 00:00:00","798"
"django","2023-09-01 00:00:00","725"
"django","2023-10-01 00:00:00","698"
"django","2023-11-01 00:00:00","652"
"django","2023-12-01 00:00:00","608"
"django","2024-01-01 00:00:00","607"
"django","2024-02-01 00:00:00","571"
"django","2024-03-01 00:00:00","721"
"django","2024-04-01 00:00:00","765"
"django","2024-05-01 00:00:00","732"
"django","2024-06-01 00:00:00","547"
"django","2024-07-01 00:00:00","508"
"django","2024-08-01 00:00:00","460"
"django","2024-09-01 00:00:00","378"
"django","2024-10-01 00:00:00","309"
"django","2024-11-01 00:00:00","276"
"django","2024-12-01 00:00:00","247"
"django","2025-01-01 00:00:00","238"
"django","2025-02-01 00:00:00","218"
"docker","2022-11-01 00:00:00","1384"
"docker","2022-12-01 00:00:00","1255"
"docker","2023-01-01 00:00:00","1273"
"docker","2023-02-01 00:00:00","1144"
"docker","2023-03-01 00:00:00","1233"
"docker","2023-04-01 00:00:00","1034"
"docker","2023-05-01 00:00:00","999"
"docker","2023-06-01 00:00:00","934"
"docker","2023-07-01 00:00:00","1024"
"docker","2023-08-01 00:00:00","914"
"docker","2023-09-01 00:00:00","891"
"docker","2023-10-01 00:00:00","753"
"docker","2023-11-01 00:00:00","745"
"docker","2023-12-01 00:00:00","692"
"docker","2024-01-01 00:00:00","781"
"docker","2024-02-01 00:00:00","802"
"docker","2024-03-01 00:00:00","814"
"docker","2024-04-01 00:00:00","863"
"docker","2024-05-01 00:00:00","815"
"docker","2024-06-01 00:00:00","661"
"docker","2024-07-01 00:00:00","652"
"docker","2024-08-01 00:00:00","557"
"docker","2024-09-01 00:00:00","470"
"docker","2024-10-01 00:00:00","419"
"docker","2024-11-01 00:00:00","414"
"docker","2024-12-01 00:00:00","360"
"docker","2025-01-01 00:00:00","401"
"docker","2025-02-01 00:00:00","379"
"excel","2022-11-01 00:00:00","1533"
"excel","2022-12-01 00:00:00","1223"
"excel","2023-01-01 00:00:00","1479"
"excel","2023-02-01 00:00:00","1283"
"excel","2023-03-01 00:00:00","1282"
"excel","2023-04-01 00:00:00","892"
"excel","2023-05-01 00:00:00","978"
"excel","2023-06-01 00:00:00","1033"
"excel","2023-07-01 00:00:00","946"
"excel","2023-08-01 00:00:00","976"
"excel","2023-09-01 00:00:00","906"
"excel","2023-10-01 00:00:00","945"
"excel","2023-11-01 00:00:00","949"
"excel","2023-12-01 00:00:00","683"
"excel","2024-01-01 00:00:00","829"
"excel","2024-02-01 00:00:00","830"
"excel","2024-03-01 00:00:00","885"
"excel","2024-04-01 00:00:00","763"
"excel","2024-05-01 00:00:00","811"
"excel","2024-06-01 00:00:00","610"
"excel","2024-07-01 00:00:00","677"
"excel","2024-08-01 00:00:00","538"
"excel","2024-09-01 00:00:00","532"
"excel","2024-10-01 00:00:00","478"
"excel","2024-11-01 00:00:00","392"
"excel","2024-12-01 00:00:00","358"
"excel","2025-01-01 00:00:00","384"
"excel","2025-02-01 00:00:00","327"
"express","2022-11-01 00:00:00","726"
"express","2022-12-01 00:00:00","656"
"express","2023-01-01 00:00:00","642"
"express","2023-02-01 00:00:00","519"
"express","2023-03-01 00:00:00","536"
"express","2023-04-01 00:00:00","441"
"express","2023-05-01 00:00:00","368"
"express","2023-06-01 00:00:00","403"
"express","2023-07-01 00:00:00","438"
"express","2023-08-01 00:00:00","366"
"express","2023-09-01 00:00:00","296"
"express","2023-10-01 00:00:00","282"
"express","2023-11-01 00:00:00","265"
"express","2023-12-01 00:00:00","258"
"express","2024-01-01 00:00:00","282"
"express","2024-02-01 00:00:00","258"
"express","2024-03-01 00:00:00","371"
"express","2024-04-01 00:00:00","356"
"express","2024-05-01 00:00:00","332"
"express","2024-06-01 00:00:00","238"
"express","2024-07-01 00:00:00","236"
"express","2024-08-01 00:00:00","175"
"express","2024-09-01 00:00:00","169"
"express","2024-10-01 00:00:00","143"
"express","2024-11-01 00:00:00","122"
"express","2024-12-01 00:00:00","114"
"express","2025-01-01 00:00:00","92"
"express","2025-02-01 00:00:00","98"
"firebase","2022-11-01 00:00:00","1141"
"firebase","2022-12-01 00:00:00","1077"
"firebase","2023-01-01 00:00:00","1087"
"firebase","2023-02-01 00:00:00","950"
"firebase","2023-03-01 00:00:00","893"
"firebase","2023-04-01 00:00:00","705"
"firebase","2023-05-01 00:00:00","677"
"firebase","2023-06-01 00:00:00","620"
"firebase","2023-07-01 00:00:00","615"
"firebase","2023-08-01 00:00:00","512"
"firebase","2023-09-01 00:00:00","471"
"firebase","2023-10-01 00:00:00","437"
"firebase","2023-11-01 00:00:00","449"
"firebase","2023-12-01 00:00:00","357"
"firebase","2024-01-01 00:00:00","442"
"firebase","2024-02-01 00:00:00","409"
"firebase","2024-03-01 00:00:00","481"
"firebase","2024-04-01 00:00:00","500"
"firebase","2024-05-01 00:00:00","480"
"firebase","2024-06-01 00:00:00","389"
"firebase","2024-07-01 00:00:00","377"
"firebase","2024-08-01 00:00:00","312"
"firebase","2024-09-01 00:00:00","300"
"firebase","2024-10-01 00:00:00","297"
"firebase","2024-11-01 00:00:00","239"
"firebase","2024-12-01 00:00:00","184"
"firebase","2025-01-01 00:00:00","190"
"firebase","2025-02-01 00:00:00","175"
"flutter","2022-11-01 00:00:00","3235"
"flutter","2022-12-01 00:00:00","2878"
"flutter","2023-01-01 00:00:00","3014"
"flutter","2023-02-01 00:00:00","2497"
"flutter","2023-03-01 00:00:00","2482"
"flutter","2023-04-01 00:00:00","1931"
"flutter","2023-05-01 00:00:00","1824"
"flutter","2023-06-01 00:00:00","1707"
"flutter","2023-07-01 00:00:00","1757"
"flutter","2023-08-01 00:00:00","1774"
"flutter","2023-09-01 00:00:00","1499"
"flutter","2023-10-01 00:00:00","1499"
"flutter","2023-11-01 00:00:00","1446"
"flutter","2023-12-01 00:00:00","1272"
"flutter","2024-01-01 00:00:00","1469"
"flutter","2024-02-01 00:00:00","1310"
"flutter","2024-03-01 00:00:00","1669"
"flutter","2024-04-01 00:00:00","1559"
"flutter","2024-05-01 00:00:00","1592"
"flutter","2024-06-01 00:00:00","1155"
"flutter","2024-07-01 00:00:00","1187"
"flutter","2024-08-01 00:00:00","1073"
"flutter","2024-09-01 00:00:00","970"
"flutter","2024-10-01 00:00:00","900"
"flutter","2024-11-01 00:00:00","732"
"flutter","2024-12-01 00:00:00","734"
"flutter","2025-01-01 00:00:00","671"
"flutter","2025-02-01 00:00:00","632"
"function","2022-11-01 00:00:00","786"
"function","2022-12-01 00:00:00","698"
"function","2023-01-01 00:00:00","535"
"function","2023-02-01 00:00:00","502"
"function","2023-03-01 00:00:00","482"
"function","2023-04-01 00:00:00","370"
"function","2023-05-01 00:00:00","280"
"function","2023-06-01 00:00:00","299"
"function","2023-07-01 00:00:00","261"
"function","2023-08-01 00:00:00","263"
"function","2023-09-01 00:00:00","255"
"function","2023-10-01 00:00:00","251"
"function","2023-11-01 00:00:00","210"
"function","2023-12-01 00:00:00","160"
"function","2024-01-01 00:00:00","205"
"function","2024-02-01 00:00:00","184"
"function","2024-03-01 00:00:00","171"
"function","2024-04-01 00:00:00","185"
"function","2024-05-01 00:00:00","186"
"function","2024-06-01 00:00:00","104"
"function","2024-07-01 00:00:00","101"
"function","2024-08-01 00:00:00","109"
"function","2024-09-01 00:00:00","84"
"function","2024-10-01 00:00:00","72"
"function","2024-11-01 00:00:00","69"
"function","2024-12-01 00:00:00","58"
"function","2025-01-01 00:00:00","60"
"function","2025-02-01 00:00:00","55"
"git","2022-11-01 00:00:00","643"
"git","2022-12-01 00:00:00","518"
"git","2023-01-01 00:00:00","674"
"git","2023-02-01 00:00:00","524"
"git","2023-03-01 00:00:00","559"
"git","2023-04-01 00:00:00","468"
"git","2023-05-01 00:00:00","452"
"git","2023-06-01 00:00:00","433"
"git","2023-07-01 00:00:00","428"
"git","2023-08-01 00:00:00","409"
"git","2023-09-01 00:00:00","392"
"git","2023-10-01 00:00:00","371"
"git","2023-11-01 00:00:00","334"
"git","2023-12-01 00:00:00","270"
"git","2024-01-01 00:00:00","328"
"git","2024-02-01 00:00:00","302"
"git","2024-03-01 00:00:00","348"
"git","2024-04-01 00:00:00","349"
"git","2024-05-01 00:00:00","339"
"git","2024-06-01 00:00:00","276"
"git","2024-07-01 00:00:00","328"
"git","2024-08-01 00:00:00","235"
"git","2024-09-01 00:00:00","229"
"git","2024-10-01 00:00:00","214"
"git","2024-11-01 00:00:00","188"
"git","2024-12-01 00:00:00","164"
"git","2025-01-01 00:00:00","164"
"git","2025-02-01 00:00:00","162"
"go","2022-11-01 00:00:00","693"
"go","2022-12-01 00:00:00","597"
"go","2023-01-01 00:00:00","686"
"go","2023-02-01 00:00:00","617"
"go","2023-03-01 00:00:00","597"
"go","2023-04-01 00:00:00","478"
"go","2023-05-01 00:00:00","390"
"go","2023-06-01 00:00:00","495"
"go","2023-07-01 00:00:00","489"
"go","2023-08-01 00:00:00","462"
"go","2023-09-01 00:00:00","397"
"go","2023-10-01 00:00:00","394"
"go","2023-11-01 00:00:00","381"
"go","2023-12-01 00:00:00","311"
"go","2024-01-01 00:00:00","314"
"go","2024-02-01 00:00:00","286"
"go","2024-03-01 00:00:00","320"
"go","2024-04-01 00:00:00","301"
"go","2024-05-01 00:00:00","267"
"go","2024-06-01 00:00:00","223"
"go","2024-07-01 00:00:00","250"
"go","2024-08-01 00:00:00","207"
"go","2024-09-01 00:00:00","152"
"go","2024-10-01 00:00:00","177"
"go","2024-11-01 00:00:00","125"
"go","2024-12-01 00:00:00","114"
"go","2025-01-01 00:00:00","134"
"go","2025-02-01 00:00:00","112"
"google-cloud-platform","2022-11-01 00:00:00","600"
"google-cloud-platform","2022-12-01 00:00:00","505"
"google-cloud-platform","2023-01-01 00:00:00","556"
"google-cloud-platform","2023-02-01 00:00:00","538"
"google-cloud-platform","2023-03-01 00:00:00","543"
"google-cloud-platform","2023-04-01 00:00:00","448"
"google-cloud-platform","2023-05-01 00:00:00","487"
"google-cloud-platform","2023-06-01 00:00:00","456"
"google-cloud-platform","2023-07-01 00:00:00","427"
"google-cloud-platform","2023-08-01 00:00:00","429"
"google-cloud-platform","2023-09-01 00:00:00","307"
"google-cloud-platform","2023-10-01 00:00:00","354"
"google-cloud-platform","2023-11-01 00:00:00","343"
"google-cloud-platform","2023-12-01 00:00:00","250"
"google-cloud-platform","2024-01-01 00:00:00","309"
"google-cloud-platform","2024-02-01 00:00:00","360"
"google-cloud-platform","2024-03-01 00:00:00","335"
"google-cloud-platform","2024-04-01 00:00:00","342"
"google-cloud-platform","2024-05-01 00:00:00","336"
"google-cloud-platform","2024-06-01 00:00:00","269"
"google-cloud-platform","2024-07-01 00:00:00","261"
"google-cloud-platform","2024-08-01 00:00:00","212"
"google-cloud-platform","2024-09-01 00:00:00","220"
"google-cloud-platform","2024-10-01 00:00:00","207"
"google-cloud-platform","2024-11-01 00:00:00","172"
"google-cloud-platform","2024-12-01 00:00:00","127"
"google-cloud-platform","2025-01-01 00:00:00","169"
"google-cloud-platform","2025-02-01 00:00:00","140"
"google-sheets","2022-11-01 00:00:00","673"
"google-sheets","2022-12-01 00:00:00","641"
"google-sheets","2023-01-01 00:00:00","716"
"google-sheets","2023-02-01 00:00:00","609"
"google-sheets","2023-03-01 00:00:00","592"
"google-sheets","2023-04-01 00:00:00","415"
"google-sheets","2023-05-01 00:00:00","387"
"google-sheets","2023-06-01 00:00:00","326"
"google-sheets","2023-07-01 00:00:00","359"
"google-sheets","2023-08-01 00:00:00","356"
"google-sheets","2023-09-01 00:00:00","382"
"google-sheets","2023-10-01 00:00:00","349"
"google-sheets","2023-11-01 00:00:00","302"
"google-sheets","2023-12-01 00:00:00","247"
"google-sheets","2024-01-01 00:00:00","361"
"google-sheets","2024-02-01 00:00:00","301"
"google-sheets","2024-03-01 00:00:00","310"
"google-sheets","2024-04-01 00:00:00","318"
"google-sheets","2024-05-01 00:00:00","297"
"google-sheets","2024-06-01 00:00:00","248"
"google-sheets","2024-07-01 00:00:00","226"
"google-sheets","2024-08-01 00:00:00","214"
"google-sheets","2024-09-01 00:00:00","225"
"google-sheets","2024-10-01 00:00:00","175"
"google-sheets","2024-11-01 00:00:00","158"
"google-sheets","2024-12-01 00:00:00","141"
"google-sheets","2025-01-01 00:00:00","126"
"google-sheets","2025-02-01 00:00:00","105"
"html","2022-11-01 00:00:00","4327"
"html","2022-12-01 00:00:00","4012"
"html","2023-01-01 00:00:00","3744"
"html","2023-02-01 00:00:00","3218"
"html","2023-03-01 00:00:00","3373"
"html","2023-04-01 00:00:00","2648"
"html","2023-05-01 00:00:00","2586"
"html","2023-06-01 00:00:00","2239"
"html","2023-07-01 00:00:00","2300"
"html","2023-08-01 00:00:00","2084"
"html","2023-09-01 00:00:00","1778"
"html","2023-10-01 00:00:00","1812"
"html","2023-11-01 00:00:00","1539"
"html","2023-12-01 00:00:00","1521"
"html","2024-01-01 00:00:00","1604"
"html","2024-02-01 00:00:00","1511"
"html","2024-03-01 00:00:00","1666"
"html","2024-04-01 00:00:00","1667"
"html","2024-05-01 00:00:00","1478"
"html","2024-06-01 00:00:00","1218"
"html","2024-07-01 00:00:00","1092"
"html","2024-08-01 00:00:00","1009"
"html","2024-09-01 00:00:00","838"
"html","2024-10-01 00:00:00","729"
"html","2024-11-01 00:00:00","640"
"html","2024-12-01 00:00:00","542"
"html","2025-01-01 00:00:00","582"
"html","2025-02-01 00:00:00","563"
"ios","2022-11-01 00:00:00","1179"
"ios","2022-12-01 00:00:00","996"
"ios","2023-01-01 00:00:00","989"
"ios","2023-02-01 00:00:00","944"
"ios","2023-03-01 00:00:00","911"
"ios","2023-04-01 00:00:00","821"
"ios","2023-05-01 00:00:00","738"
"ios","2023-06-01 00:00:00","831"
"ios","2023-07-01 00:00:00","895"
"ios","2023-08-01 00:00:00","744"
"ios","2023-09-01 00:00:00","780"
"ios","2023-10-01 00:00:00","768"
"ios","2023-11-01 00:00:00","719"
"ios","2023-12-01 00:00:00","630"
"ios","2024-01-01 00:00:00","700"
"ios","2024-02-01 00:00:00","575"
"ios","2024-03-01 00:00:00","673"
"ios","2024-04-01 00:00:00","721"
"ios","2024-05-01 00:00:00","698"
"ios","2024-06-01 00:00:00","606"
"ios","2024-07-01 00:00:00","585"
"ios","2024-08-01 00:00:00","523"
"ios","2024-09-01 00:00:00","606"
"ios","2024-10-01 00:00:00","465"
"ios","2024-11-01 00:00:00","434"
"ios","2024-12-01 00:00:00","416"
"ios","2025-01-01 00:00:00","378"
"ios","2025-02-01 00:00:00","440"
"java","2022-11-01 00:00:00","5387"
"java","2022-12-01 00:00:00","4788"
"java","2023-01-01 00:00:00","4675"
"java","2023-02-01 00:00:00","4075"
"java","2023-03-01 00:00:00","4443"
"java","2023-04-01 00:00:00","3570"
"java","2023-05-01 00:00:00","3289"
"java","2023-06-01 00:00:00","3319"
"java","2023-07-01 00:00:00","3142"
"java","2023-08-01 00:00:00","3040"
"java","2023-09-01 00:00:00","2677"
"java","2023-10-01 00:00:00","2660"
"java","2023-11-01 00:00:00","2594"
"java","2023-12-01 00:00:00","2030"
"java","2024-01-01 00:00:00","2246"
"java","2024-02-01 00:00:00","2213"
"java","2024-03-01 00:00:00","2645"
"java","2024-04-01 00:00:00","2545"
"java","2024-05-01 00:00:00","2236"
"java","2024-06-01 00:00:00","1660"
"java","2024-07-01 00:00:00","1508"
"java","2024-08-01 00:00:00","1189"
"java","2024-09-01 00:00:00","1267"
"java","2024-10-01 00:00:00","1506"
"java","2024-11-01 00:00:00","1257"
"java","2024-12-01 00:00:00","1164"
"java","2025-01-01 00:00:00","1170"
"java","2025-02-01 00:00:00","1020"
"javascript","2022-11-01 00:00:00","11658"
"javascript","2022-12-01 00:00:00","10221"
"javascript","2023-01-01 00:00:00","9998"
"javascript","2023-02-01 00:00:00","8453"
"javascript","2023-03-01 00:00:00","8447"
"javascript","2023-04-01 00:00:00","6536"
"javascript","2023-05-01 00:00:00","6112"
"javascript","2023-06-01 00:00:00","5854"
"javascript","2023-07-01 00:00:00","5920"
"javascript","2023-08-01 00:00:00","5234"
"javascript","2023-09-01 00:00:00","4497"
"javascript","2023-10-01 00:00:00","4173"
"javascript","2023-11-01 00:00:00","4006"
"javascript","2023-12-01 00:00:00","3714"
"javascript","2024-01-01 00:00:00","4010"
"javascript","2024-02-01 00:00:00","3660"
"javascript","2024-03-01 00:00:00","4425"
"javascript","2024-04-01 00:00:00","4181"
"javascript","2024-05-01 00:00:00","3925"
"javascript","2024-06-01 00:00:00","2916"
"javascript","2024-07-01 00:00:00","2836"
"javascript","2024-08-01 00:00:00","2436"
"javascript","2024-09-01 00:00:00","2152"
"javascript","2024-10-01 00:00:00","1876"
"javascript","2024-11-01 00:00:00","1636"
"javascript","2024-12-01 00:00:00","1387"
"javascript","2025-01-01 00:00:00","1429"
"javascript","2025-02-01 00:00:00","1315"
"jquery","2022-11-01 00:00:00","1001"
"jquery","2022-12-01 00:00:00","860"
"jquery","2023-01-01 00:00:00","839"
"jquery","2023-02-01 00:00:00","796"
"jquery","2023-03-01 00:00:00","733"
"jquery","2023-04-01 00:00:00","586"
"jquery","2023-05-01 00:00:00","595"
"jquery","2023-06-01 00:00:00","492"
"jquery","2023-07-01 00:00:00","459"
"jquery","2023-08-01 00:00:00","460"
"jquery","2023-09-01 00:00:00","362"
"jquery","2023-10-01 00:00:00","357"
"jquery","2023-11-01 00:00:00","324"
"jquery","2023-12-01 00:00:00","295"
"jquery","2024-01-01 00:00:00","280"
"jquery","2024-02-01 00:00:00","297"
"jquery","2024-03-01 00:00:00","313"
"jquery","2024-04-01 00:00:00","283"
"jquery","2024-05-01 00:00:00","306"
"jquery","2024-06-01 00:00:00","234"
"jquery","2024-07-01 00:00:00","223"
"jquery","2024-08-01 00:00:00","167"
"jquery","2024-09-01 00:00:00","165"
"jquery","2024-10-01 00:00:00","141"
"jquery","2024-11-01 00:00:00","104"
"jquery","2024-12-01 00:00:00","88"
"jquery","2025-01-01 00:00:00","98"
"jquery","2025-02-01 00:00:00","87"
"json","2022-11-01 00:00:00","1680"
"json","2022-12-01 00:00:00","1432"
"json","2023-01-01 00:00:00","1418"
"json","2023-02-01 00:00:00","1230"
"json","2023-03-01 00:00:00","1207"
"json","2023-04-01 00:00:00","824"
"json","2023-05-01 00:00:00","840"
"json","2023-06-01 00:00:00","755"
"json","2023-07-01 00:00:00","766"
"json","2023-08-01 00:00:00","670"
"json","2023-09-01 00:00:00","641"
"json","2023-10-01 00:00:00","551"
"json","2023-11-01 00:00:00","578"
"json","2023-12-01 00:00:00","465"
"json","2024-01-01 00:00:00","509"
"json","2024-02-01 00:00:00","534"
"json","2024-03-01 00:00:00","559"
"json","2024-04-01 00:00:00","580"
"json","2024-05-01 00:00:00","497"
"json","2024-06-01 00:00:00","381"
"json","2024-07-01 00:00:00","401"
"json","2024-08-01 00:00:00","334"
"json","2024-09-01 00:00:00","298"
"json","2024-10-01 00:00:00","265"
"json","2024-11-01 00:00:00","230"
"json","2024-12-01 00:00:00","186"
"json","2025-01-01 00:00:00","188"
"json","2025-02-01 00:00:00","178"
"kotlin","2022-11-01 00:00:00","1292"
"kotlin","2022-12-01 00:00:00","1164"
"kotlin","2023-01-01 00:00:00","1224"
"kotlin","2023-02-01 00:00:00","1062"
"kotlin","2023-03-01 00:00:00","1057"
"kotlin","2023-04-01 00:00:00","937"
"kotlin","2023-05-01 00:00:00","943"
"kotlin","2023-06-01 00:00:00","848"
"kotlin","2023-07-01 00:00:00","772"
"kotlin","2023-08-01 00:00:00","866"
"kotlin","2023-09-01 00:00:00","785"
"kotlin","2023-10-01 00:00:00","740"
"kotlin","2023-11-01 00:00:00","757"
"kotlin","2023-12-01 00:00:00","638"
"kotlin","2024-01-01 00:00:00","656"
"kotlin","2024-02-01 00:00:00","635"
"kotlin","2024-03-01 00:00:00","745"
"kotlin","2024-04-01 00:00:00","798"
"kotlin","2024-05-01 00:00:00","716"
"kotlin","2024-06-01 00:00:00","553"
"kotlin","2024-07-01 00:00:00","593"
"kotlin","2024-08-01 00:00:00","517"
"kotlin","2024-09-01 00:00:00","489"
"kotlin","2024-10-01 00:00:00","469"
"kotlin","2024-11-01 00:00:00","434"
"kotlin","2024-12-01 00:00:00","365"
"kotlin","2025-01-01 00:00:00","346"
"kotlin","2025-02-01 00:00:00","340"
"kubernetes","2022-11-01 00:00:00","611"
"kubernetes","2022-12-01 00:00:00","608"
"kubernetes","2023-01-01 00:00:00","581"
"kubernetes","2023-02-01 00:00:00","602"
"kubernetes","2023-03-01 00:00:00","660"
"kubernetes","2023-04-01 00:00:00","481"
"kubernetes","2023-05-01 00:00:00","407"
"kubernetes","2023-06-01 00:00:00","423"
"kubernetes","2023-07-01 00:00:00","440"
"kubernetes","2023-08-01 00:00:00","442"
"kubernetes","2023-09-01 00:00:00","288"
"kubernetes","2023-10-01 00:00:00","309"
"kubernetes","2023-11-01 00:00:00","296"
"kubernetes","2023-12-01 00:00:00","216"
"kubernetes","2024-01-01 00:00:00","269"
"kubernetes","2024-02-01 00:00:00","270"
"kubernetes","2024-03-01 00:00:00","197"
"kubernetes","2024-04-01 00:00:00","245"
"kubernetes","2024-05-01 00:00:00","238"
"kubernetes","2024-06-01 00:00:00","181"
"kubernetes","2024-07-01 00:00:00","229"
"kubernetes","2024-08-01 00:00:00","163"
"kubernetes","2024-09-01 00:00:00","186"
"kubernetes","2024-10-01 00:00:00","130"
"kubernetes","2024-11-01 00:00:00","127"
"kubernetes","2024-12-01 00:00:00","133"
"kubernetes","2025-01-01 00:00:00","111"
"kubernetes","2025-02-01 00:00:00","100"
"laravel","2022-11-01 00:00:00","1310"
"laravel","2022-12-01 00:00:00","1187"
"laravel","2023-01-01 00:00:00","1198"
"laravel","2023-02-01 00:00:00","991"
"laravel","2023-03-01 00:00:00","969"
"laravel","2023-04-01 00:00:00","777"
"laravel","2023-05-01 00:00:00","800"
"laravel","2023-06-01 00:00:00","738"
"laravel","2023-07-01 00:00:00","716"
"laravel","2023-08-01 00:00:00","720"
"laravel","2023-09-01 00:00:00","653"
"laravel","2023-10-01 00:00:00","632"
"laravel","2023-11-01 00:00:00","620"
"laravel","2023-12-01 00:00:00","536"
"laravel","2024-01-01 00:00:00","571"
"laravel","2024-02-01 00:00:00","506"
"laravel","2024-03-01 00:00:00","663"
"laravel","2024-04-01 00:00:00","694"
"laravel","2024-05-01 00:00:00","606"
"laravel","2024-06-01 00:00:00","517"
"laravel","2024-07-01 00:00:00","484"
"laravel","2024-08-01 00:00:00","453"
"laravel","2024-09-01 00:00:00","373"
"laravel","2024-10-01 00:00:00","339"
"laravel","2024-11-01 00:00:00","265"
"laravel","2024-12-01 00:00:00","236"
"laravel","2025-01-01 00:00:00","245"
"laravel","2025-02-01 00:00:00","220"
"linux","2022-11-01 00:00:00","933"
"linux","2022-12-01 00:00:00","768"
"linux","2023-01-01 00:00:00","843"
"linux","2023-02-01 00:00:00","705"
"linux","2023-03-01 00:00:00","654"
"linux","2023-04-01 00:00:00","554"
"linux","2023-05-01 00:00:00","571"
"linux","2023-06-01 00:00:00","557"
"linux","2023-07-01 00:00:00","559"
"linux","2023-08-01 00:00:00","513"
"linux","2023-09-01 00:00:00","436"
"linux","2023-10-01 00:00:00","447"
"linux","2023-11-01 00:00:00","406"
"linux","2023-12-01 00:00:00","350"
"linux","2024-01-01 00:00:00","343"
"linux","2024-02-01 00:00:00","361"
"linux","2024-03-01 00:00:00","379"
"linux","2024-04-01 00:00:00","418"
"linux","2024-05-01 00:00:00","378"
"linux","2024-06-01 00:00:00","315"
"linux","2024-07-01 00:00:00","340"
"linux","2024-08-01 00:00:00","268"
"linux","2024-09-01 00:00:00","226"
"linux","2024-10-01 00:00:00","216"
"linux","2024-11-01 00:00:00","209"
"linux","2024-12-01 00:00:00","156"
"linux","2025-01-01 00:00:00","180"
"linux","2025-02-01 00:00:00","175"
"list","2022-11-01 00:00:00","1251"
"list","2022-12-01 00:00:00","930"
"list","2023-01-01 00:00:00","817"
"list","2023-02-01 00:00:00","602"
"list","2023-03-01 00:00:00","565"
"list","2023-04-01 00:00:00","405"
"list","2023-05-01 00:00:00","329"
"list","2023-06-01 00:00:00","365"
"list","2023-07-01 00:00:00","293"
"list","2023-08-01 00:00:00","271"
"list","2023-09-01 00:00:00","255"
"list","2023-10-01 00:00:00","235"
"list","2023-11-01 00:00:00","245"
"list","2023-12-01 00:00:00","150"
"list","2024-01-01 00:00:00","188"
"list","2024-02-01 00:00:00","173"
"list","2024-03-01 00:00:00","223"
"list","2024-04-01 00:00:00","199"
"list","2024-05-01 00:00:00","128"
"list","2024-06-01 00:00:00","111"
"list","2024-07-01 00:00:00","100"
"list","2024-08-01 00:00:00","89"
"list","2024-09-01 00:00:00","83"
"list","2024-10-01 00:00:00","62"
"list","2024-11-01 00:00:00","64"
"list","2024-12-01 00:00:00","39"
"list","2025-01-01 00:00:00","32"
"list","2025-02-01 00:00:00","51"
"loops","2022-11-01 00:00:00","725"
"loops","2022-12-01 00:00:00","574"
"loops","2023-01-01 00:00:00","528"
"loops","2023-02-01 00:00:00","393"
"loops","2023-03-01 00:00:00","364"
"loops","2023-04-01 00:00:00","237"
"loops","2023-05-01 00:00:00","234"
"loops","2023-06-01 00:00:00","205"
"loops","2023-07-01 00:00:00","166"
"loops","2023-08-01 00:00:00","158"
"loops","2023-09-01 00:00:00","165"
"loops","2023-10-01 00:00:00","166"
"loops","2023-11-01 00:00:00","156"
"loops","2023-12-01 00:00:00","129"
"loops","2024-01-01 00:00:00","130"
"loops","2024-02-01 00:00:00","142"
"loops","2024-03-01 00:00:00","134"
"loops","2024-04-01 00:00:00","122"
"loops","2024-05-01 00:00:00","124"
"loops","2024-06-01 00:00:00","105"
"loops","2024-07-01 00:00:00","77"
"loops","2024-08-01 00:00:00","79"
"loops","2024-09-01 00:00:00","61"
"loops","2024-10-01 00:00:00","75"
"loops","2024-11-01 00:00:00","46"
"loops","2024-12-01 00:00:00","34"
"loops","2025-01-01 00:00:00","34"
"loops","2025-02-01 00:00:00","32"
"mongodb","2022-11-01 00:00:00","1171"
"mongodb","2022-12-01 00:00:00","1009"
"mongodb","2023-01-01 00:00:00","1027"
"mongodb","2023-02-01 00:00:00","830"
"mongodb","2023-03-01 00:00:00","823"
"mongodb","2023-04-01 00:00:00","585"
"mongodb","2023-05-01 00:00:00","591"
"mongodb","2023-06-01 00:00:00","590"
"mongodb","2023-07-01 00:00:00","599"
"mongodb","2023-08-01 00:00:00","523"
"mongodb","2023-09-01 00:00:00","449"
"mongodb","2023-10-01 00:00:00","371"
"mongodb","2023-11-01 00:00:00","375"
"mongodb","2023-12-01 00:00:00","320"
"mongodb","2024-01-01 00:00:00","353"
"mongodb","2024-02-01 00:00:00","335"
"mongodb","2024-03-01 00:00:00","434"
"mongodb","2024-04-01 00:00:00","339"
"mongodb","2024-05-01 00:00:00","344"
"mongodb","2024-06-01 00:00:00","294"
"mongodb","2024-07-01 00:00:00","257"
"mongodb","2024-08-01 00:00:00","239"
"mongodb","2024-09-01 00:00:00","173"
"mongodb","2024-10-01 00:00:00","168"
"mongodb","2024-11-01 00:00:00","119"
"mongodb","2024-12-01 00:00:00","140"
"mongodb","2025-01-01 00:00:00","106"
"mongodb","2025-02-01 00:00:00","107"
"mysql","2022-11-01 00:00:00","1670"
"mysql","2022-12-01 00:00:00","1458"
"mysql","2023-01-01 00:00:00","1389"
"mysql","2023-02-01 00:00:00","1095"
"mysql","2023-03-01 00:00:00","1116"
"mysql","2023-04-01 00:00:00","918"
"mysql","2023-05-01 00:00:00","793"
"mysql","2023-06-01 00:00:00","756"
"mysql","2023-07-01 00:00:00","660"
"mysql","2023-08-01 00:00:00","577"
"mysql","2023-09-01 00:00:00","604"
"mysql","2023-10-01 00:00:00","564"
"mysql","2023-11-01 00:00:00","553"
"mysql","2023-12-01 00:00:00","457"
"mysql","2024-01-01 00:00:00","458"
"mysql","2024-02-01 00:00:00","491"
"mysql","2024-03-01 00:00:00","508"
"mysql","2024-04-01 00:00:00","500"
"mysql","2024-05-01 00:00:00","530"
"mysql","2024-06-01 00:00:00","266"
"mysql","2024-07-01 00:00:00","285"
"mysql","2024-08-01 00:00:00","265"
"mysql","2024-09-01 00:00:00","226"
"mysql","2024-10-01 00:00:00","184"
"mysql","2024-11-01 00:00:00","157"
"mysql","2024-12-01 00:00:00","121"
"mysql","2025-01-01 00:00:00","98"
"mysql","2025-02-01 00:00:00","120"
"next.js","2022-11-01 00:00:00","918"
"next.js","2022-12-01 00:00:00","972"
"next.js","2023-01-01 00:00:00","1004"
"next.js","2023-02-01 00:00:00","857"
"next.js","2023-03-01 00:00:00","1002"
"next.js","2023-04-01 00:00:00","840"
"next.js","2023-05-01 00:00:00","980"
"next.js","2023-06-01 00:00:00","982"
"next.js","2023-07-01 00:00:00","1022"
"next.js","2023-08-01 00:00:00","1010"
"next.js","2023-09-01 00:00:00","844"
"next.js","2023-10-01 00:00:00","768"
"next.js","2023-11-01 00:00:00","758"
"next.js","2023-12-01 00:00:00","671"
"next.js","2024-01-01 00:00:00","794"
"next.js","2024-02-01 00:00:00","773"
"next.js","2024-03-01 00:00:00","1047"
"next.js","2024-04-01 00:00:00","1029"
"next.js","2024-05-01 00:00:00","999"
"next.js","2024-06-01 00:00:00","780"
"next.js","2024-07-01 00:00:00","794"
"next.js","2024-08-01 00:00:00","645"
"next.js","2024-09-01 00:00:00","542"
"next.js","2024-10-01 00:00:00","491"
"next.js","2024-11-01 00:00:00","482"
"next.js","2024-12-01 00:00:00","400"
"next.js","2025-01-01 00:00:00","418"
"next.js","2025-02-01 00:00:00","352"
"node.js","2022-11-01 00:00:00","3143"
"node.js","2022-12-01 00:00:00","2972"
"node.js","2023-01-01 00:00:00","2837"
"node.js","2023-02-01 00:00:00","2418"
"node.js","2023-03-01 00:00:00","2273"
"node.js","2023-04-01 00:00:00","1903"
"node.js","2023-05-01 00:00:00","1720"
"node.js","2023-06-01 00:00:00","1850"
"node.js","2023-07-01 00:00:00","1816"
"node.js","2023-08-01 00:00:00","1538"
"node.js","2023-09-01 00:00:00","1433"
"node.js","2023-10-01 00:00:00","1281"
"node.js","2023-11-01 00:00:00","1192"
"node.js","2023-12-01 00:00:00","1097"
"node.js","2024-01-01 00:00:00","1134"
"node.js","2024-02-01 00:00:00","1115"
"node.js","2024-03-01 00:00:00","1556"
"node.js","2024-04-01 00:00:00","1489"
"node.js","2024-05-01 00:00:00","1395"
"node.js","2024-06-01 00:00:00","1044"
"node.js","2024-07-01 00:00:00","1067"
"node.js","2024-08-01 00:00:00","846"
"node.js","2024-09-01 00:00:00","772"
"node.js","2024-10-01 00:00:00","669"
"node.js","2024-11-01 00:00:00","620"
"node.js","2024-12-01 00:00:00","583"
"node.js","2025-01-01 00:00:00","534"
"node.js","2025-02-01 00:00:00","437"
"numpy","2022-11-01 00:00:00","944"
"numpy","2022-12-01 00:00:00","774"
"numpy","2023-01-01 00:00:00","741"
"numpy","2023-02-01 00:00:00","629"
"numpy","2023-03-01 00:00:00","631"
"numpy","2023-04-01 00:00:00","496"
"numpy","2023-05-01 00:00:00","447"
"numpy","2023-06-01 00:00:00","450"
"numpy","2023-07-01 00:00:00","436"
"numpy","2023-08-01 00:00:00","366"
"numpy","2023-09-01 00:00:00","251"
"numpy","2023-10-01 00:00:00","325"
"numpy","2023-11-01 00:00:00","329"
"numpy","2023-12-01 00:00:00","237"
"numpy","2024-01-01 00:00:00","295"
"numpy","2024-02-01 00:00:00","267"
"numpy","2024-03-01 00:00:00","266"
"numpy","2024-04-01 00:00:00","283"
"numpy","2024-05-01 00:00:00","267"
"numpy","2024-06-01 00:00:00","205"
"numpy","2024-07-01 00:00:00","197"
"numpy","2024-08-01 00:00:00","147"
"numpy","2024-09-01 00:00:00","129"
"numpy","2024-10-01 00:00:00","147"
"numpy","2024-11-01 00:00:00","106"
"numpy","2024-12-01 00:00:00","97"
"numpy","2025-01-01 00:00:00","100"
"numpy","2025-02-01 00:00:00","90"
"oracle-database","2022-11-01 00:00:00","654"
"oracle-database","2022-12-01 00:00:00","505"
"oracle-database","2023-01-01 00:00:00","579"
"oracle-database","2023-02-01 00:00:00","508"
"oracle-database","2023-03-01 00:00:00","498"
"oracle-database","2023-04-01 00:00:00","388"
"oracle-database","2023-05-01 00:00:00","376"
"oracle-database","2023-06-01 00:00:00","374"
"oracle-database","2023-07-01 00:00:00","321"
"oracle-database","2023-08-01 00:00:00","337"
"oracle-database","2023-09-01 00:00:00","325"
"oracle-database","2023-10-01 00:00:00","325"
"oracle-database","2023-11-01 00:00:00","301"
"oracle-database","2023-12-01 00:00:00","260"
"oracle-database","2024-01-01 00:00:00","287"
"oracle-database","2024-02-01 00:00:00","250"
"oracle-database","2024-03-01 00:00:00","265"
"oracle-database","2024-04-01 00:00:00","302"
"oracle-database","2024-05-01 00:00:00","286"
"oracle-database","2024-06-01 00:00:00","195"
"oracle-database","2024-07-01 00:00:00","218"
"oracle-database","2024-08-01 00:00:00","216"
"oracle-database","2024-09-01 00:00:00","174"
"oracle-database","2024-10-01 00:00:00","167"
"oracle-database","2024-11-01 00:00:00","129"
"oracle-database","2024-12-01 00:00:00","107"
"oracle-database","2025-01-01 00:00:00","99"
"oracle-database","2025-02-01 00:00:00","88"
"pandas","2022-11-01 00:00:00","3495"
"pandas","2022-12-01 00:00:00","2829"
"pandas","2023-01-01 00:00:00","2668"
"pandas","2023-02-01 00:00:00","2285"
"pandas","2023-03-01 00:00:00","2216"
"pandas","2023-04-01 00:00:00","1549"
"pandas","2023-05-01 00:00:00","1424"
"pandas","2023-06-01 00:00:00","1346"
"pandas","2023-07-01 00:00:00","1276"
"pandas","2023-08-01 00:00:00","1124"
"pandas","2023-09-01 00:00:00","937"
"pandas","2023-10-01 00:00:00","906"
"pandas","2023-11-01 00:00:00","947"
"pandas","2023-12-01 00:00:00","699"
"pandas","2024-01-01 00:00:00","780"
"pandas","2024-02-01 00:00:00","753"
"pandas","2024-03-01 00:00:00","791"
"pandas","2024-04-01 00:00:00","704"
"pandas","2024-05-01 00:00:00","719"
"pandas","2024-06-01 00:00:00","468"
"pandas","2024-07-01 00:00:00","491"
"pandas","2024-08-01 00:00:00","413"
"pandas","2024-09-01 00:00:00","348"
"pandas","2024-10-01 00:00:00","296"
"pandas","2024-11-01 00:00:00","268"
"pandas","2024-12-01 00:00:00","204"
"pandas","2025-01-01 00:00:00","204"
"pandas","2025-02-01 00:00:00","193"
"php","2022-11-01 00:00:00","2778"
"php","2022-12-01 00:00:00","2362"
"php","2023-01-01 00:00:00","2523"
"php","2023-02-01 00:00:00","2010"
"php","2023-03-01 00:00:00","1884"
"php","2023-04-01 00:00:00","1582"
"php","2023-05-01 00:00:00","1609"
"php","2023-06-01 00:00:00","1550"
"php","2023-07-01 00:00:00","1443"
"php","2023-08-01 00:00:00","1502"
"php","2023-09-01 00:00:00","1391"
"php","2023-10-01 00:00:00","1213"
"php","2023-11-01 00:00:00","1194"
"php","2023-12-01 00:00:00","991"
"php","2024-01-01 00:00:00","1140"
"php","2024-02-01 00:00:00","1055"
"php","2024-03-01 00:00:00","1294"
"php","2024-04-01 00:00:00","1181"
"php","2024-05-01 00:00:00","1148"
"php","2024-06-01 00:00:00","944"
"php","2024-07-01 00:00:00","857"
"php","2024-08-01 00:00:00","783"
"php","2024-09-01 00:00:00","604"
"php","2024-10-01 00:00:00","649"
"php","2024-11-01 00:00:00","539"
"php","2024-12-01 00:00:00","428"
"php","2025-01-01 00:00:00","519"
"php","2025-02-01 00:00:00","398"
"postgresql","2022-11-01 00:00:00","1449"
"postgresql","2022-12-01 00:00:00","1312"
"postgresql","2023-01-01 00:00:00","1332"
"postgresql","2023-02-01 00:00:00","1211"
"postgresql","2023-03-01 00:00:00","1214"
"postgresql","2023-04-01 00:00:00","912"
"postgresql","2023-05-01 00:00:00","917"
"postgresql","2023-06-01 00:00:00","852"
"postgresql","2023-07-01 00:00:00","759"
"postgresql","2023-08-01 00:00:00","745"
"postgresql","2023-09-01 00:00:00","773"
"postgresql","2023-10-01 00:00:00","759"
"postgresql","2023-11-01 00:00:00","738"
"postgresql","2023-12-01 00:00:00","601"
"postgresql","2024-01-01 00:00:00","694"
"postgresql","2024-02-01 00:00:00","696"
"postgresql","2024-03-01 00:00:00","679"
"postgresql","2024-04-01 00:00:00","725"
"postgresql","2024-05-01 00:00:00","709"
"postgresql","2024-06-01 00:00:00","588"
"postgresql","2024-07-01 00:00:00","580"
"postgresql","2024-08-01 00:00:00","462"
"postgresql","2024-09-01 00:00:00","440"
"postgresql","2024-10-01 00:00:00","404"
"postgresql","2024-11-01 00:00:00","309"
"postgresql","2024-12-01 00:00:00","309"
"postgresql","2025-01-01 00:00:00","310"
"postgresql","2025-02-01 00:00:00","254"
"powershell","2022-11-01 00:00:00","949"
"powershell","2022-12-01 00:00:00","797"
"powershell","2023-01-01 00:00:00","839"
"powershell","2023-02-01 00:00:00","744"
"powershell","2023-03-01 00:00:00","766"
"powershell","2023-04-01 00:00:00","577"
"powershell","2023-05-01 00:00:00","528"
"powershell","2023-06-01 00:00:00","537"
"powershell","2023-07-01 00:00:00","512"
"powershell","2023-08-01 00:00:00","549"
"powershell","2023-09-01 00:00:00","438"
"powershell","2023-10-01 00:00:00","439"
"powershell","2023-11-01 00:00:00","484"
"powershell","2023-12-01 00:00:00","360"
"powershell","2024-01-01 00:00:00","473"
"powershell","2024-02-01 00:00:00","405"
"powershell","2024-03-01 00:00:00","480"
"powershell","2024-04-01 00:00:00","441"
"powershell","2024-05-01 00:00:00","413"
"powershell","2024-06-01 00:00:00","374"
"powershell","2024-07-01 00:00:00","366"
"powershell","2024-08-01 00:00:00","317"
"powershell","2024-09-01 00:00:00","247"
"powershell","2024-10-01 00:00:00","264"
"powershell","2024-11-01 00:00:00","198"
"powershell","2024-12-01 00:00:00","186"
"powershell","2025-01-01 00:00:00","200"
"powershell","2025-02-01 00:00:00","175"
"python","2022-11-01 00:00:00","18781"
"python","2022-12-01 00:00:00","15803"
"python","2023-01-01 00:00:00","14951"
"python","2023-02-01 00:00:00","12997"
"python","2023-03-01 00:00:00","12746"
"python","2023-04-01 00:00:00","10023"
"python","2023-05-01 00:00:00","9525"
"python","2023-06-01 00:00:00","9056"
"python","2023-07-01 00:00:00","9003"
"python","2023-08-01 00:00:00","8263"
"python","2023-09-01 00:00:00","6981"
"python","2023-10-01 00:00:00","7124"
"python","2023-11-01 00:00:00","6750"
"python","2023-12-01 00:00:00","5601"
"python","2024-01-01 00:00:00","6209"
"python","2024-02-01 00:00:00","6198"
"python","2024-03-01 00:00:00","6983"
"python","2024-04-01 00:00:00","7256"
"python","2024-05-01 00:00:00","6812"
"python","2024-06-01 00:00:00","5008"
"python","2024-07-01 00:00:00","5133"
"python","2024-08-01 00:00:00","4444"
"python","2024-09-01 00:00:00","3672"
"python","2024-10-01 00:00:00","3471"
"python","2024-11-01 00:00:00","3137"
"python","2024-12-01 00:00:00","2694"
"python","2025-01-01 00:00:00","2713"
"python","2025-02-01 00:00:00","2447"
"python-3.x","2022-11-01 00:00:00","2525"
"python-3.x","2022-12-01 00:00:00","2230"
"python-3.x","2023-01-01 00:00:00","2079"
"python-3.x","2023-02-01 00:00:00","1757"
"python-3.x","2023-03-01 00:00:00","1798"
"python-3.x","2023-04-01 00:00:00","1451"
"python-3.x","2023-05-01 00:00:00","1284"
"python-3.x","2023-06-01 00:00:00","1118"
"python-3.x","2023-07-01 00:00:00","1246"
"python-3.x","2023-08-01 00:00:00","1040"
"python-3.x","2023-09-01 00:00:00","839"
"python-3.x","2023-10-01 00:00:00","899"
"python-3.x","2023-11-01 00:00:00","849"
"python-3.x","2023-12-01 00:00:00","676"
"python-3.x","2024-01-01 00:00:00","785"
"python-3.x","2024-02-01 00:00:00","768"
"python-3.x","2024-03-01 00:00:00","824"
"python-3.x","2024-04-01 00:00:00","813"
"python-3.x","2024-05-01 00:00:00","545"
"python-3.x","2024-06-01 00:00:00","410"
"python-3.x","2024-07-01 00:00:00","510"
"python-3.x","2024-08-01 00:00:00","366"
"python-3.x","2024-09-01 00:00:00","384"
"python-3.x","2024-10-01 00:00:00","356"
"python-3.x","2024-11-01 00:00:00","272"
"python-3.x","2024-12-01 00:00:00","239"
"python-3.x","2025-01-01 00:00:00","225"
"python-3.x","2025-02-01 00:00:00","214"
"r","2022-11-01 00:00:00","3992"
"r","2022-12-01 00:00:00","3205"
"r","2023-01-01 00:00:00","3254"
"r","2023-02-01 00:00:00","3268"
"r","2023-03-01 00:00:00","3291"
"r","2023-04-01 00:00:00","2597"
"r","2023-05-01 00:00:00","2367"
"r","2023-06-01 00:00:00","2206"
"r","2023-07-01 00:00:00","2021"
"r","2023-08-01 00:00:00","1998"
"r","2023-09-01 00:00:00","1740"
"r","2023-10-01 00:00:00","1731"
"r","2023-11-01 00:00:00","1659"
"r","2023-12-01 00:00:00","1349"
"r","2024-01-01 00:00:00","1560"
"r","2024-02-01 00:00:00","1562"
"r","2024-03-01 00:00:00","1621"
"r","2024-04-01 00:00:00","1532"
"r","2024-05-01 00:00:00","1370"
"r","2024-06-01 00:00:00","1084"
"r","2024-07-01 00:00:00","1048"
"r","2024-08-01 00:00:00","873"
"r","2024-09-01 00:00:00","744"
"r","2024-10-01 00:00:00","784"
"r","2024-11-01 00:00:00","693"
"r","2024-12-01 00:00:00","549"
"r","2025-01-01 00:00:00","527"
"r","2025-02-01 00:00:00","541"
"react-hooks","2022-11-01 00:00:00","711"
"react-hooks","2022-12-01 00:00:00","631"
"react-hooks","2023-01-01 00:00:00","598"
"react-hooks","2023-02-01 00:00:00","545"
"react-hooks","2023-03-01 00:00:00","516"
"react-hooks","2023-04-01 00:00:00","400"
"react-hooks","2023-05-01 00:00:00","327"
"react-hooks","2023-06-01 00:00:00","352"
"react-hooks","2023-07-01 00:00:00","328"
"react-hooks","2023-08-01 00:00:00","341"
"react-hooks","2023-09-01 00:00:00","226"
"react-hooks","2023-10-01 00:00:00","206"
"react-hooks","2023-11-01 00:00:00","214"
"react-hooks","2023-12-01 00:00:00","206"
"react-hooks","2024-01-01 00:00:00","189"
"react-hooks","2024-02-01 00:00:00","160"
"react-hooks","2024-03-01 00:00:00","118"
"react-hooks","2024-04-01 00:00:00","92"
"react-hooks","2024-05-01 00:00:00","185"
"react-hooks","2024-06-01 00:00:00","72"
"react-hooks","2024-07-01 00:00:00","72"
"react-hooks","2024-08-01 00:00:00","45"
"react-hooks","2024-09-01 00:00:00","44"
"react-hooks","2024-10-01 00:00:00","22"
"react-hooks","2024-11-01 00:00:00","13"
"react-hooks","2024-12-01 00:00:00","29"
"react-hooks","2025-01-01 00:00:00","20"
"react-hooks","2025-02-01 00:00:00","27"
"reactjs","2022-11-01 00:00:00","6058"
"reactjs","2022-12-01 00:00:00","5586"
"reactjs","2023-01-01 00:00:00","5490"
"reactjs","2023-02-01 00:00:00","4748"
"reactjs","2023-03-01 00:00:00","4639"
"reactjs","2023-04-01 00:00:00","3639"
"reactjs","2023-05-01 00:00:00","3459"
"reactjs","2023-06-01 00:00:00","3452"
"reactjs","2023-07-01 00:00:00","3498"
"reactjs","2023-08-01 00:00:00","3220"
"reactjs","2023-09-01 00:00:00","2608"
"reactjs","2023-10-01 00:00:00","2415"
"reactjs","2023-11-01 00:00:00","2377"
"reactjs","2023-12-01 00:00:00","2067"
"reactjs","2024-01-01 00:00:00","2334"
"reactjs","2024-02-01 00:00:00","2104"
"reactjs","2024-03-01 00:00:00","2683"
"reactjs","2024-04-01 00:00:00","2632"
"reactjs","2024-05-01 00:00:00","2519"
"reactjs","2024-06-01 00:00:00","1876"
"reactjs","2024-07-01 00:00:00","1836"
"reactjs","2024-08-01 00:00:00","1557"
"reactjs","2024-09-01 00:00:00","1342"
"reactjs","2024-10-01 00:00:00","1098"
"reactjs","2024-11-01 00:00:00","971"
"reactjs","2024-12-01 00:00:00","866"
"reactjs","2025-01-01 00:00:00","877"
"reactjs","2025-02-01 00:00:00","800"
"react-native","2022-11-01 00:00:00","1405"
"react-native","2022-12-01 00:00:00","1435"
"react-native","2023-01-01 00:00:00","1233"
"react-native","2023-02-01 00:00:00","1179"
"react-native","2023-03-01 00:00:00","1050"
"react-native","2023-04-01 00:00:00","777"
"react-native","2023-05-01 00:00:00","732"
"react-native","2023-06-01 00:00:00","755"
"react-native","2023-07-01 00:00:00","774"
"react-native","2023-08-01 00:00:00","804"
"react-native","2023-09-01 00:00:00","684"
"react-native","2023-10-01 00:00:00","629"
"react-native","2023-11-01 00:00:00","573"
"react-native","2023-12-01 00:00:00","515"
"react-native","2024-01-01 00:00:00","608"
"react-native","2024-02-01 00:00:00","533"
"react-native","2024-03-01 00:00:00","805"
"react-native","2024-04-01 00:00:00","799"
"react-native","2024-05-01 00:00:00","860"
"react-native","2024-06-01 00:00:00","637"
"react-native","2024-07-01 00:00:00","633"
"react-native","2024-08-01 00:00:00","539"
"react-native","2024-09-01 00:00:00","492"
"react-native","2024-10-01 00:00:00","418"
"react-native","2024-11-01 00:00:00","445"
"react-native","2024-12-01 00:00:00","409"
"react-native","2025-01-01 00:00:00","386"
"react-native","2025-02-01 00:00:00","391"
"regex","2022-11-01 00:00:00","862"
"regex","2022-12-01 00:00:00","704"
"regex","2023-01-01 00:00:00","678"
"regex","2023-02-01 00:00:00","618"
"regex","2023-03-01 00:00:00","640"
"regex","2023-04-01 00:00:00","425"
"regex","2023-05-01 00:00:00","407"
"regex","2023-06-01 00:00:00","374"
"regex","2023-07-01 00:00:00","347"
"regex","2023-08-01 00:00:00","349"
"regex","2023-09-01 00:00:00","351"
"regex","2023-10-01 00:00:00","245"
"regex","2023-11-01 00:00:00","221"
"regex","2023-12-01 00:00:00","187"
"regex","2024-01-01 00:00:00","236"
"regex","2024-02-01 00:00:00","172"
"regex","2024-03-01 00:00:00","223"
"regex","2024-04-01 00:00:00","192"
"regex","2024-05-01 00:00:00","171"
"regex","2024-06-01 00:00:00","154"
"regex","2024-07-01 00:00:00","178"
"regex","2024-08-01 00:00:00","195"
"regex","2024-09-01 00:00:00","140"
"regex","2024-10-01 00:00:00","120"
"regex","2024-11-01 00:00:00","94"
"regex","2024-12-01 00:00:00","71"
"regex","2025-01-01 00:00:00","77"
"regex","2025-02-01 00:00:00","99"
"rust","2022-11-01 00:00:00","728"
"rust","2022-12-01 00:00:00","730"
"rust","2023-01-01 00:00:00","743"
"rust","2023-02-01 00:00:00","654"
"rust","2023-03-01 00:00:00","674"
"rust","2023-04-01 00:00:00","488"
"rust","2023-05-01 00:00:00","561"
"rust","2023-06-01 00:00:00","432"
"rust","2023-07-01 00:00:00","527"
"rust","2023-08-01 00:00:00","482"
"rust","2023-09-01 00:00:00","363"
"rust","2023-10-01 00:00:00","407"
"rust","2023-11-01 00:00:00","392"
"rust","2023-12-01 00:00:00","412"
"rust","2024-01-01 00:00:00","426"
"rust","2024-02-01 00:00:00","382"
"rust","2024-03-01 00:00:00","450"
"rust","2024-04-01 00:00:00","406"
"rust","2024-05-01 00:00:00","359"
"rust","2024-06-01 00:00:00","309"
"rust","2024-07-01 00:00:00","278"
"rust","2024-08-01 00:00:00","223"
"rust","2024-09-01 00:00:00","249"
"rust","2024-10-01 00:00:00","258"
"rust","2024-11-01 00:00:00","212"
"rust","2024-12-01 00:00:00","235"
"rust","2025-01-01 00:00:00","207"
"rust","2025-02-01 00:00:00","208"
"selenium","2022-11-01 00:00:00","715"
"selenium","2022-12-01 00:00:00","669"
"selenium","2023-01-01 00:00:00","751"
"selenium","2023-02-01 00:00:00","272"
"spring","2022-11-01 00:00:00","887"
"spring","2022-12-01 00:00:00","916"
"spring","2023-01-01 00:00:00","954"
"spring","2023-02-01 00:00:00","884"
"spring","2023-03-01 00:00:00","869"
"spring","2023-04-01 00:00:00","632"
"spring","2023-05-01 00:00:00","668"
"spring","2023-06-01 00:00:00","616"
"spring","2023-07-01 00:00:00","654"
"spring","2023-08-01 00:00:00","628"
"spring","2023-09-01 00:00:00","550"
"spring","2023-10-01 00:00:00","546"
"spring","2023-11-01 00:00:00","488"
"spring","2023-12-01 00:00:00","382"
"spring","2024-01-01 00:00:00","444"
"spring","2024-02-01 00:00:00","451"
"spring","2024-03-01 00:00:00","544"
"spring","2024-04-01 00:00:00","598"
"spring","2024-05-01 00:00:00","533"
"spring","2024-06-01 00:00:00","410"
"spring","2024-07-01 00:00:00","360"
"spring","2024-08-01 00:00:00","305"
"spring","2024-09-01 00:00:00","322"
"spring","2024-10-01 00:00:00","324"
"spring","2024-11-01 00:00:00","288"
"spring","2024-12-01 00:00:00","302"
"spring","2025-01-01 00:00:00","268"
"spring","2025-02-01 00:00:00","241"
"spring-boot","2022-11-01 00:00:00","1443"
"spring-boot","2022-12-01 00:00:00","1485"
"spring-boot","2023-01-01 00:00:00","1515"
"spring-boot","2023-02-01 00:00:00","1499"
"spring-boot","2023-03-01 00:00:00","1515"
"spring-boot","2023-04-01 00:00:00","1171"
"spring-boot","2023-05-01 00:00:00","1134"
"spring-boot","2023-06-01 00:00:00","1113"
"spring-boot","2023-07-01 00:00:00","1159"
"spring-boot","2023-08-01 00:00:00","1098"
"spring-boot","2023-09-01 00:00:00","949"
"spring-boot","2023-10-01 00:00:00","931"
"spring-boot","2023-11-01 00:00:00","844"
"spring-boot","2023-12-01 00:00:00","767"
"spring-boot","2024-01-01 00:00:00","836"
"spring-boot","2024-02-01 00:00:00","848"
"spring-boot","2024-03-01 00:00:00","960"
"spring-boot","2024-04-01 00:00:00","1022"
"spring-boot","2024-05-01 00:00:00","954"
"spring-boot","2024-06-01 00:00:00","756"
"spring-boot","2024-07-01 00:00:00","690"
"spring-boot","2024-08-01 00:00:00","561"
"spring-boot","2024-09-01 00:00:00","583"
"spring-boot","2024-10-01 00:00:00","611"
"spring-boot","2024-11-01 00:00:00","457"
"spring-boot","2024-12-01 00:00:00","520"
"spring-boot","2025-01-01 00:00:00","510"
"spring-boot","2025-02-01 00:00:00","387"
"sql","2022-11-01 00:00:00","3092"
"sql","2022-12-01 00:00:00","2533"
"sql","2023-01-01 00:00:00","2498"
"sql","2023-02-01 00:00:00","2182"
"sql","2023-03-01 00:00:00","2339"
"sql","2023-04-01 00:00:00","1621"
"sql","2023-05-01 00:00:00","1589"
"sql","2023-06-01 00:00:00","1594"
"sql","2023-07-01 00:00:00","1347"
"sql","2023-08-01 00:00:00","1235"
"sql","2023-09-01 00:00:00","1183"
"sql","2023-10-01 00:00:00","1133"
"sql","2023-11-01 00:00:00","1130"
"sql","2023-12-01 00:00:00","928"
"sql","2024-01-01 00:00:00","1016"
"sql","2024-02-01 00:00:00","1052"
"sql","2024-03-01 00:00:00","959"
"sql","2024-04-01 00:00:00","972"
"sql","2024-05-01 00:00:00","946"
"sql","2024-06-01 00:00:00","720"
"sql","2024-07-01 00:00:00","715"
"sql","2024-08-01 00:00:00","618"
"sql","2024-09-01 00:00:00","580"
"sql","2024-10-01 00:00:00","488"
"sql","2024-11-01 00:00:00","417"
"sql","2024-12-01 00:00:00","359"
"sql","2025-01-01 00:00:00","368"
"sql","2025-02-01 00:00:00","318"
"sql-server","2022-11-01 00:00:00","1119"
"sql-server","2022-12-01 00:00:00","956"
"sql-server","2023-01-01 00:00:00","1035"
"sql-server","2023-02-01 00:00:00","923"
"sql-server","2023-03-01 00:00:00","971"
"sql-server","2023-04-01 00:00:00","704"
"sql-server","2023-05-01 00:00:00","728"
"sql-server","2023-06-01 00:00:00","643"
"sql-server","2023-07-01 00:00:00","591"
"sql-server","2023-08-01 00:00:00","577"
"sql-server","2023-09-01 00:00:00","541"
"sql-server","2023-10-01 00:00:00","521"
"sql-server","2023-11-01 00:00:00","549"
"sql-server","2023-12-01 00:00:00","389"
"sql-server","2024-01-01 00:00:00","429"
"sql-server","2024-02-01 00:00:00","435"
"sql-server","2024-03-01 00:00:00","437"
"sql-server","2024-04-01 00:00:00","475"
"sql-server","2024-05-01 00:00:00","413"
"sql-server","2024-06-01 00:00:00","362"
"sql-server","2024-07-01 00:00:00","345"
"sql-server","2024-08-01 00:00:00","303"
"sql-server","2024-09-01 00:00:00","283"
"sql-server","2024-10-01 00:00:00","286"
"sql-server","2024-11-01 00:00:00","220"
"sql-server","2024-12-01 00:00:00","175"
"sql-server","2025-01-01 00:00:00","204"
"sql-server","2025-02-01 00:00:00","207"
"string","2022-11-01 00:00:00","924"
"string","2022-12-01 00:00:00","759"
"string","2023-01-01 00:00:00","645"
"string","2023-02-01 00:00:00","491"
"string","2023-03-01 00:00:00","463"
"string","2023-04-01 00:00:00","345"
"string","2023-05-01 00:00:00","310"
"string","2023-06-01 00:00:00","323"
"string","2023-07-01 00:00:00","280"
"string","2023-08-01 00:00:00","237"
"string","2023-09-01 00:00:00","241"
"string","2023-10-01 00:00:00","227"
"string","2023-11-01 00:00:00","222"
"string","2023-12-01 00:00:00","187"
"string","2024-01-01 00:00:00","212"
"string","2024-02-01 00:00:00","154"
"string","2024-03-01 00:00:00","171"
"string","2024-04-01 00:00:00","184"
"string","2024-05-01 00:00:00","133"
"string","2024-06-01 00:00:00","123"
"string","2024-07-01 00:00:00","127"
"string","2024-08-01 00:00:00","93"
"string","2024-09-01 00:00:00","97"
"string","2024-10-01 00:00:00","88"
"string","2024-11-01 00:00:00","76"
"string","2024-12-01 00:00:00","55"
"string","2025-01-01 00:00:00","62"
"string","2025-02-01 00:00:00","48"
"swift","2022-11-01 00:00:00","1431"
"swift","2022-12-01 00:00:00","1221"
"swift","2023-01-01 00:00:00","1203"
"swift","2023-02-01 00:00:00","1062"
"swift","2023-03-01 00:00:00","1127"
"swift","2023-04-01 00:00:00","892"
"swift","2023-05-01 00:00:00","804"
"swift","2023-06-01 00:00:00","929"
"swift","2023-07-01 00:00:00","934"
"swift","2023-08-01 00:00:00","769"
"swift","2023-09-01 00:00:00","713"
"swift","2023-10-01 00:00:00","735"
"swift","2023-11-01 00:00:00","711"
"swift","2023-12-01 00:00:00","598"
"swift","2024-01-01 00:00:00","703"
"swift","2024-02-01 00:00:00","597"
"swift","2024-03-01 00:00:00","684"
"swift","2024-04-01 00:00:00","680"
"swift","2024-05-01 00:00:00","605"
"swift","2024-06-01 00:00:00","572"
"swift","2024-07-01 00:00:00","569"
"swift","2024-08-01 00:00:00","534"
"swift","2024-09-01 00:00:00","503"
"swift","2024-10-01 00:00:00","458"
"swift","2024-11-01 00:00:00","386"
"swift","2024-12-01 00:00:00","316"
"swift","2025-01-01 00:00:00","344"
"swift","2025-02-01 00:00:00","359"
"swiftui","2022-11-01 00:00:00","781"
"swiftui","2022-12-01 00:00:00","697"
"swiftui","2023-01-01 00:00:00","706"
"swiftui","2023-02-01 00:00:00","613"
"swiftui","2023-03-01 00:00:00","627"
"swiftui","2023-04-01 00:00:00","442"
"swiftui","2023-05-01 00:00:00","456"
"swiftui","2023-06-01 00:00:00","555"
"swiftui","2023-07-01 00:00:00","551"
"swiftui","2023-08-01 00:00:00","513"
"swiftui","2023-09-01 00:00:00","470"
"swiftui","2023-10-01 00:00:00","486"
"swiftui","2023-11-01 00:00:00","504"
"swiftui","2023-12-01 00:00:00","423"
"swiftui","2024-01-01 00:00:00","471"
"swiftui","2024-02-01 00:00:00","490"
"swiftui","2024-03-01 00:00:00","489"
"swiftui","2024-04-01 00:00:00","463"
"swiftui","2024-05-01 00:00:00","423"
"swiftui","2024-06-01 00:00:00","349"
"swiftui","2024-07-01 00:00:00","369"
"swiftui","2024-08-01 00:00:00","355"
"swiftui","2024-09-01 00:00:00","323"
"swiftui","2024-10-01 00:00:00","286"
"swiftui","2024-11-01 00:00:00","303"
"swiftui","2024-12-01 00:00:00","240"
"swiftui","2025-01-01 00:00:00","248"
"swiftui","2025-02-01 00:00:00","214"
"tensorflow","2022-11-01 00:00:00","491"
"tensorflow","2022-12-01 00:00:00","444"
"tensorflow","2023-01-01 00:00:00","408"
"tensorflow","2023-02-01 00:00:00","373"
"tensorflow","2023-03-01 00:00:00","336"
"tensorflow","2023-04-01 00:00:00","348"
"tensorflow","2023-05-01 00:00:00","259"
"tensorflow","2023-06-01 00:00:00","246"
"tensorflow","2023-07-01 00:00:00","231"
"tensorflow","2023-08-01 00:00:00","208"
"tensorflow","2023-09-01 00:00:00","165"
"tensorflow","2023-10-01 00:00:00","177"
"tensorflow","2023-11-01 00:00:00","192"
"tensorflow","2023-12-01 00:00:00","142"
"tensorflow","2024-01-01 00:00:00","150"
"tensorflow","2024-02-01 00:00:00","165"
"tensorflow","2024-03-01 00:00:00","258"
"tensorflow","2024-04-01 00:00:00","328"
"tensorflow","2024-05-01 00:00:00","227"
"tensorflow","2024-06-01 00:00:00","169"
"tensorflow","2024-07-01 00:00:00","188"
"tensorflow","2024-08-01 00:00:00","185"
"tensorflow","2024-09-01 00:00:00","117"
"tensorflow","2024-10-01 00:00:00","109"
"tensorflow","2024-11-01 00:00:00","100"
"tensorflow","2024-12-01 00:00:00","84"
"tensorflow","2025-01-01 00:00:00","83"
"tensorflow","2025-02-01 00:00:00","70"
"typescript","2022-11-01 00:00:00","2871"
"typescript","2022-12-01 00:00:00","2707"
"typescript","2023-01-01 00:00:00","2709"
"typescript","2023-02-01 00:00:00","2461"
"typescript","2023-03-01 00:00:00","2463"
"typescript","2023-04-01 00:00:00","1960"
"typescript","2023-05-01 00:00:00","1882"
"typescript","2023-06-01 00:00:00","1714"
"typescript","2023-07-01 00:00:00","1898"
"typescript","2023-08-01 00:00:00","1834"
"typescript","2023-09-01 00:00:00","1625"
"typescript","2023-10-01 00:00:00","1433"
"typescript","2023-11-01 00:00:00","1376"
"typescript","2023-12-01 00:00:00","1206"
"typescript","2024-01-01 00:00:00","1319"
"typescript","2024-02-01 00:00:00","1264"
"typescript","2024-03-01 00:00:00","1532"
"typescript","2024-04-01 00:00:00","1472"
"typescript","2024-05-01 00:00:00","1357"
"typescript","2024-06-01 00:00:00","1137"
"typescript","2024-07-01 00:00:00","1158"
"typescript","2024-08-01 00:00:00","1014"
"typescript","2024-09-01 00:00:00","897"
"typescript","2024-10-01 00:00:00","803"
"typescript","2024-11-01 00:00:00","742"
"typescript","2024-12-01 00:00:00","629"
"typescript","2025-01-01 00:00:00","666"
"typescript","2025-02-01 00:00:00","608"
"unity-game-engine","2022-11-01 00:00:00","686"
"unity-game-engine","2022-12-01 00:00:00","614"
"unity-game-engine","2023-01-01 00:00:00","583"
"unity-game-engine","2023-02-01 00:00:00","557"
"unity-game-engine","2023-03-01 00:00:00","541"
"unity-game-engine","2023-04-01 00:00:00","453"
"unity-game-engine","2023-05-01 00:00:00","431"
"unity-game-engine","2023-06-01 00:00:00","426"
"unity-game-engine","2023-07-01 00:00:00","485"
"unity-game-engine","2023-08-01 00:00:00","378"
"unity-game-engine","2023-09-01 00:00:00","316"
"unity-game-engine","2023-10-01 00:00:00","258"
"unity-game-engine","2023-11-01 00:00:00","260"
"unity-game-engine","2023-12-01 00:00:00","229"
"unity-game-engine","2024-01-01 00:00:00","270"
"unity-game-engine","2024-02-01 00:00:00","234"
"unity-game-engine","2024-03-01 00:00:00","331"
"unity-game-engine","2024-04-01 00:00:00","334"
"unity-game-engine","2024-05-01 00:00:00","318"
"unity-game-engine","2024-06-01 00:00:00","264"
"unity-game-engine","2024-07-01 00:00:00","264"
"unity-game-engine","2024-08-01 00:00:00","207"
"unity-game-engine","2024-09-01 00:00:00","203"
"unity-game-engine","2024-10-01 00:00:00","159"
"unity-game-engine","2024-11-01 00:00:00","133"
"unity-game-engine","2024-12-01 00:00:00","113"
"unity-game-engine","2025-01-01 00:00:00","149"
"unity-game-engine","2025-02-01 00:00:00","139"
"vba","2022-11-01 00:00:00","973"
"vba","2022-12-01 00:00:00","779"
"vba","2023-01-01 00:00:00","952"
"vba","2023-02-01 00:00:00","809"
"vba","2023-03-01 00:00:00","827"
"vba","2023-04-01 00:00:00","578"
"vba","2023-05-01 00:00:00","645"
"vba","2023-06-01 00:00:00","703"
"vba","2023-07-01 00:00:00","593"
"vba","2023-08-01 00:00:00","642"
"vba","2023-09-01 00:00:00","556"
"vba","2023-10-01 00:00:00","584"
"vba","2023-11-01 00:00:00","603"
"vba","2023-12-01 00:00:00","423"
"vba","2024-01-01 00:00:00","497"
"vba","2024-02-01 00:00:00","518"
"vba","2024-03-01 00:00:00","524"
"vba","2024-04-01 00:00:00","477"
"vba","2024-05-01 00:00:00","514"
"vba","2024-06-01 00:00:00","358"
"vba","2024-07-01 00:00:00","427"
"vba","2024-08-01 00:00:00","369"
"vba","2024-09-01 00:00:00","339"
"vba","2024-10-01 00:00:00","337"
"vba","2024-11-01 00:00:00","260"
"vba","2024-12-01 00:00:00","232"
"vba","2025-01-01 00:00:00","233"
"vba","2025-02-01 00:00:00","209"
"visual-studio-code","2022-11-01 00:00:00","869"
"visual-studio-code","2022-12-01 00:00:00","731"
"visual-studio-code","2023-01-01 00:00:00","718"
"visual-studio-code","2023-02-01 00:00:00","744"
"visual-studio-code","2023-03-01 00:00:00","746"
"visual-studio-code","2023-04-01 00:00:00","643"
"visual-studio-code","2023-05-01 00:00:00","643"
"visual-studio-code","2023-06-01 00:00:00","525"
"visual-studio-code","2023-07-01 00:00:00","540"
"visual-studio-code","2023-08-01 00:00:00","570"
"visual-studio-code","2023-09-01 00:00:00","504"
"visual-studio-code","2023-10-01 00:00:00","508"
"visual-studio-code","2023-11-01 00:00:00","471"
"visual-studio-code","2023-12-01 00:00:00","430"
"visual-studio-code","2024-01-01 00:00:00","431"
"visual-studio-code","2024-02-01 00:00:00","489"
"visual-studio-code","2024-03-01 00:00:00","535"
"visual-studio-code","2024-04-01 00:00:00","472"
"visual-studio-code","2024-05-01 00:00:00","514"
"visual-studio-code","2024-06-01 00:00:00","421"
"visual-studio-code","2024-07-01 00:00:00","380"
"visual-studio-code","2024-08-01 00:00:00","342"
"visual-studio-code","2024-09-01 00:00:00","381"
"visual-studio-code","2024-10-01 00:00:00","337"
"visual-studio-code","2024-11-01 00:00:00","302"
"visual-studio-code","2024-12-01 00:00:00","249"
"visual-studio-code","2025-01-01 00:00:00","313"
"visual-studio-code","2025-02-01 00:00:00","281"
"vue.js","2022-11-01 00:00:00","1052"
"vue.js","2022-12-01 00:00:00","908"
"vue.js","2023-01-01 00:00:00","879"
"vue.js","2023-02-01 00:00:00","741"
"vue.js","2023-03-01 00:00:00","754"
"vue.js","2023-04-01 00:00:00","561"
"vue.js","2023-05-01 00:00:00","699"
"vue.js","2023-06-01 00:00:00","491"
"vue.js","2023-07-01 00:00:00","509"
"vue.js","2023-08-01 00:00:00","515"
"vue.js","2023-09-01 00:00:00","435"
"vue.js","2023-10-01 00:00:00","432"
"vue.js","2023-11-01 00:00:00","408"
"vue.js","2023-12-01 00:00:00","338"
"vue.js","2024-01-01 00:00:00","372"
"vue.js","2024-02-01 00:00:00","359"
"vue.js","2024-03-01 00:00:00","434"
"vue.js","2024-04-01 00:00:00","422"
"vue.js","2024-05-01 00:00:00","384"
"vue.js","2024-06-01 00:00:00","335"
"vue.js","2024-07-01 00:00:00","291"
"vue.js","2024-08-01 00:00:00","212"
"vue.js","2024-09-01 00:00:00","236"
"vue.js","2024-10-01 00:00:00","206"
"vue.js","2024-11-01 00:00:00","179"
"vue.js","2024-12-01 00:00:00","144"
"vue.js","2025-01-01 00:00:00","161"
"vue.js","2025-02-01 00:00:00","146"
"windows","2022-11-01 00:00:00","624"
"windows","2022-12-01 00:00:00","581"
"windows","2023-01-01 00:00:00","659"
"windows","2023-02-01 00:00:00","572"
"windows","2023-03-01 00:00:00","602"
"windows","2023-04-01 00:00:00","461"
"windows","2023-05-01 00:00:00","466"
"windows","2023-06-01 00:00:00","439"
"windows","2023-07-01 00:00:00","484"
"windows","2023-08-01 00:00:00","407"
"windows","2023-09-01 00:00:00","362"
"windows","2023-10-01 00:00:00","374"
"windows","2023-11-01 00:00:00","378"
"windows","2023-12-01 00:00:00","300"
"windows","2024-01-01 00:00:00","362"
"windows","2024-02-01 00:00:00","367"
"windows","2024-03-01 00:00:00","440"
"windows","2024-04-01 00:00:00","500"
"windows","2024-05-01 00:00:00","459"
"windows","2024-06-01 00:00:00","361"
"windows","2024-07-01 00:00:00","355"
"windows","2024-08-01 00:00:00","325"
"windows","2024-09-01 00:00:00","312"
"windows","2024-10-01 00:00:00","276"
"windows","2024-11-01 00:00:00","269"
"windows","2024-12-01 00:00:00","226"
"windows","2025-01-01 00:00:00","230"
"windows","2025-02-01 00:00:00","212"
"wordpress","2022-11-01 00:00:00","737"
"wordpress","2022-12-01 00:00:00","547"
"wordpress","2023-01-01 00:00:00","657"
"wordpress","2023-02-01 00:00:00","547"
"wordpress","2023-03-01 00:00:00","476"
"wordpress","2023-04-01 00:00:00","387"
"wordpress","2023-05-01 00:00:00","424"
"wordpress","2023-06-01 00:00:00","496"
"wordpress","2023-07-01 00:00:00","441"
"wordpress","2023-08-01 00:00:00","506"
"wordpress","2023-09-01 00:00:00","414"
"wordpress","2023-10-01 00:00:00","375"
"wordpress","2023-11-01 00:00:00","371"
"wordpress","2023-12-01 00:00:00","277"
"wordpress","2024-01-01 00:00:00","362"
"wordpress","2024-02-01 00:00:00","335"
"wordpress","2024-03-01 00:00:00","481"
"wordpress","2024-04-01 00:00:00","441"
"wordpress","2024-05-01 00:00:00","456"
"wordpress","2024-06-01 00:00:00","313"
"wordpress","2024-07-01 00:00:00","308"
"wordpress","2024-08-01 00:00:00","285"
"wordpress","2024-09-01 00:00:00","216"
"wordpress","2024-10-01 00:00:00","240"
"wordpress","2024-11-01 00:00:00","182"
"wordpress","2024-12-01 00:00:00","152"
"wordpress","2025-01-01 00:00:00","151"
"wordpress","2025-02-01 00:00:00","132"